Episode;Total Reward;Epsilon;Elapsed time [s]
1;-199.849;0.995;1.1
2;-103.832;0.99;0.13
3;-116.648;0.985;0.14
4;-57.467;0.98;0.13
5;-187.057;0.975;0.21
6;-109.025;0.97;0.18
7;-335.172;0.966;0.17
8;-20.493;0.961;0.29
9;-110.227;0.956;0.14
10;-135.157;0.951;0.13
11;-206.417;0.946;0.15
12;-108.506;0.942;0.15
13;-55.906;0.937;0.25
14;-523.302;0.932;0.2
15;-158.863;0.928;0.18
16;-202.956;0.923;0.23
17;-80.403;0.918;0.16
18;-87.56;0.914;0.17
19;7.785;0.909;0.17
20;-295.267;0.905;0.19
21;-80.883;0.9;0.18
22;-212.299;0.896;0.21
23;-30.393;0.891;0.15
24;-74.624;0.887;0.18
25;-153.958;0.882;0.31
26;-52.111;0.878;0.16
27;-107.823;0.873;0.16
28;-83.363;0.869;0.32
29;-211.96;0.865;0.21
30;-146.126;0.86;0.3
31;-13.688;0.856;0.36
32;-118.377;0.852;0.22
33;-154.556;0.848;0.26
34;-239.101;0.843;0.24
35;-92.078;0.839;0.19
36;-66.469;0.835;0.23
37;-54.708;0.831;0.26
38;-27.565;0.827;0.28
39;-113.716;0.822;0.17
40;-181.287;0.818;0.3
41;-198.772;0.814;0.3
42;-110.949;0.81;0.31
43;-63.622;0.806;0.16
44;-353.971;0.802;0.29
45;-94.0;0.798;0.25
46;-110.952;0.794;0.27
47;-112.364;0.79;0.24
48;-90.119;0.786;0.25
49;-162.897;0.782;0.34
50;-160.466;0.778;0.32
51;-154.702;0.774;0.34
52;-177.524;0.771;0.21
53;-60.276;0.767;0.34
54;-121.912;0.763;0.31
55;-89.375;0.759;0.19
56;-80.91;0.755;0.28
57;-169.374;0.751;0.24
58;-97.467;0.748;0.39
59;-204.083;0.744;0.35
60;-43.319;0.74;0.17
61;-98.778;0.737;0.32
62;-82.663;0.733;0.42
63;-125.989;0.729;0.32
64;-118.294;0.726;0.37
65;-84.134;0.722;0.35
66;-136.718;0.718;0.38
67;-65.433;0.715;0.45
68;-68.352;0.711;0.27
69;-138.596;0.708;0.23
70;-136.836;0.704;0.26
71;-143.159;0.701;0.23
72;-150.158;0.697;0.27
73;-80.41;0.694;0.37
74;-279.464;0.69;0.43
75;-88.899;0.687;0.56
76;-114.069;0.683;0.33
77;-60.822;0.68;0.37
78;-131.968;0.676;0.37
79;-81.24;0.673;0.25
80;-58.553;0.67;0.36
81;-60.014;0.666;0.51
82;-122.757;0.663;0.36
83;-102.613;0.66;0.44
84;-399.053;0.656;0.46
85;-288.882;0.653;0.55
86;-114.685;0.65;0.23
87;-161.518;0.647;0.3
88;-246.378;0.643;0.41
89;-26.566;0.64;0.41
90;-102.995;0.637;0.49
91;-40.321;0.634;0.43
92;-102.471;0.631;0.41
93;-153.487;0.627;0.37
94;-68.496;0.624;0.39
95;-1.974;0.621;0.25
96;-66.076;0.618;0.25
97;-53.507;0.615;0.4
98;-79.281;0.612;0.6
99;-62.113;0.609;0.5
100;-77.207;0.606;0.44
101;-84.532;0.603;0.49
102;-132.651;0.6;0.42
103;-283.413;0.597;0.45
104;-9.89;0.594;0.66
105;-48.456;0.591;0.43
106;-72.884;0.588;0.39
107;-63.233;0.585;0.52
108;-100.12;0.582;0.59
109;-97.559;0.579;0.46
110;-195.393;0.576;0.58
111;-207.942;0.573;0.49
112;-84.965;0.57;0.26
113;-66.083;0.568;0.57
114;-57.514;0.565;0.45
115;-272.196;0.562;0.41
116;-274.417;0.559;0.78
117;-104.971;0.556;0.7
118;-103.125;0.554;0.78
119;-4.274;0.551;0.39
120;-104.726;0.548;0.82
121;-205.276;0.545;0.65
122;-86.755;0.543;0.3
123;-25.158;0.54;0.43
124;-82.379;0.537;0.51
125;-118.583;0.534;0.56
126;-269.921;0.532;0.72
127;-239.239;0.529;0.68
128;-110.149;0.526;0.52
129;-53.845;0.524;0.68
130;-38.231;0.521;0.36
131;9.975;0.519;1.33
132;-164.223;0.516;0.86
133;-25.191;0.513;1.03
134;-190.515;0.511;0.6
135;-277.719;0.508;1.22
136;-34.251;0.506;1.02
137;-64.503;0.503;0.91
138;-50.321;0.501;0.95
139;-42.356;0.498;3.06
140;-48.624;0.496;1.13
141;-39.765;0.493;0.36
142;-131.333;0.491;0.4
143;-19.948;0.488;0.75
144;-51.079;0.486;1.6
145;-70.048;0.483;1.17
146;-261.099;0.481;1.68
147;-24.687;0.479;0.82
148;-34.974;0.476;0.69
149;-58.077;0.474;0.63
150;-64.859;0.471;0.52
151;-97.133;0.469;0.72
152;-74.908;0.467;0.77
153;-31.732;0.464;0.76
154;-17.857;0.462;0.56
155;0.267;0.46;0.86
156;-50.734;0.458;0.78
157;-294.026;0.455;2.76
158;-22.17;0.453;0.41
159;-36.018;0.451;1.42
160;-31.723;0.448;0.47
161;9.233;0.446;0.89
162;-0.241;0.444;0.57
163;-213.634;0.442;2.93
164;-43.069;0.44;0.56
165;-33.234;0.437;1.09
166;-12.387;0.435;0.96
167;-106.892;0.433;0.53
168;-47.431;0.431;0.82
169;3.255;0.429;0.86
170;-154.335;0.427;0.52
171;-20.643;0.424;1.35
172;-278.065;0.422;4.64
173;-46.196;0.42;6.96
174;-92.646;0.418;1.86
175;21.11;0.416;1.03
176;-16.638;0.414;1.38
177;-411.223;0.412;3.88
178;56.699;0.41;1.43
179;-26.036;0.408;0.5
180;-29.287;0.406;0.87
181;-14.939;0.404;0.58
182;-73.714;0.402;0.41
183;-220.93;0.4;0.6
184;-98.791;0.398;1.89
185;-31.451;0.396;0.85
186;-90.198;0.394;1.38
187;19.513;0.392;0.96
188;-115.288;0.39;2.71
189;14.555;0.388;0.75
190;-0.943;0.386;7.64
191;15.733;0.384;7.47
192;-47.914;0.382;3.01
193;-60.361;0.38;2.27
194;-55.211;0.378;0.99
195;-224.289;0.376;2.29
196;-116.883;0.374;1.99
197;-106.863;0.373;3.91
198;-48.209;0.371;2.7
199;-110.489;0.369;1.68
200;-44.682;0.367;0.99
201;-57.583;0.365;0.43
202;-77.416;0.363;0.73
203;0.319;0.361;1.18
204;-68.645;0.36;1.82
205;-59.245;0.358;2.66
206;-117.676;0.356;3.11
207;-134.285;0.354;6.03
208;-128.534;0.353;1.05
209;-90.495;0.351;1.01
210;-32.544;0.349;8.65
211;-187.571;0.347;5.58
212;-87.242;0.346;2.49
213;-242.773;0.344;2.17
214;-302.559;0.342;2.14
215;-177.443;0.34;1.48
216;-106.094;0.339;2.1
217;-111.29;0.337;5.84
218;-40.882;0.335;1.71
219;-178.827;0.334;3.16
220;-49.6;0.332;0.64
221;41.227;0.33;9.64
222;-52.696;0.329;2.31
223;-48.273;0.327;5.27
224;-248.079;0.325;4.64
225;-375.59;0.324;2.96
226;-150.64;0.322;1.69
227;-57.385;0.321;3.2
228;60.501;0.319;9.55
229;-407.788;0.317;3.27
230;5.122;0.316;2.75
231;-56.014;0.314;0.9
232;-29.293;0.313;0.75
233;12.308;0.311;10.19
234;-117.295;0.309;6.52
235;-116.015;0.308;3.81
236;-279.176;0.306;6.51
237;-107.271;0.305;2.39
238;-66.572;0.303;4.93
239;-334.832;0.302;3.75
240;-201.253;0.3;4.38
241;-143.213;0.299;5.01
242;-25.307;0.297;11.09
243;-290.108;0.296;1.66
244;-183.514;0.294;5.37
245;15.355;0.293;11.62
246;-26.56;0.291;2.73
247;-25.044;0.29;11.18
248;-195.032;0.288;2.93
249;-4.953;0.287;11.36
250;50.621;0.286;11.68
251;-63.673;0.284;4.04
252;-223.878;0.283;3.57
253;-78.194;0.281;6.33
254;-126.962;0.28;3.47
255;-87.291;0.279;3.37
256;-195.704;0.277;3.75
257;-81.903;0.276;12.45
258;-53.934;0.274;5.39
259;-165.7;0.273;7.49
260;8.323;0.272;12.37
261;11.332;0.27;1.69
262;68.594;0.269;13.46
263;-140.364;0.268;13.59
264;-357.488;0.266;13.14
265;3.007;0.265;2.02
266;57.815;0.264;14.13
267;-24.045;0.262;1.71
268;-23.492;0.261;0.97
269;-146.561;0.26;1.7
270;-349.274;0.258;10.09
271;26.939;0.257;14.55
272;-15.026;0.256;14.3
273;17.225;0.255;14.12
274;-336.906;0.253;7.82
275;-135.467;0.252;13.43
276;59.736;0.251;14.68
277;-163.371;0.249;4.33
278;-94.763;0.248;15.21
279;-168.415;0.247;7.41
280;63.186;0.246;15.49
281;13.858;0.245;1.25
282;-8.813;0.243;15.86
283;-129.737;0.242;11.92
284;-56.975;0.241;9.5
285;-38.672;0.24;16.09
286;11.56;0.238;16.7
287;-183.027;0.237;1.55
288;-55.728;0.236;10.55
289;-32.576;0.235;2.96
290;89.534;0.234;17.34
291;-110.656;0.233;17.32
292;-154.453;0.231;16.83
293;-80.495;0.23;10.87
294;6.513;0.229;17.62
295;-87.158;0.228;2.39
296;-67.461;0.227;17.54
297;-39.792;0.226;7.3
298;123.213;0.225;18.07
299;-269.113;0.223;11.34
300;71.17;0.222;17.82
301;80.28;0.221;18.3
302;-143.242;0.22;6.46
303;-33.472;0.219;19.51
304;32.425;0.218;19.1
305;-56.664;0.217;19.53
306;88.443;0.216;19.44
307;-79.253;0.215;20.08
308;-4.108;0.214;2.71
309;-89.931;0.212;19.75
310;-133.566;0.211;16.03
311;-70.365;0.21;20.94
312;-213.62;0.209;4.69
313;82.921;0.208;20.16
314;23.049;0.207;2.18
315;75.314;0.206;20.13
316;2.204;0.205;20.55
317;-50.382;0.204;20.13
318;-44.684;0.203;4.52
319;74.348;0.202;19.97
320;-98.488;0.201;5.35
321;111.711;0.2;20.24
322;-34.116;0.199;20.4
323;-284.993;0.198;12.39
324;104.521;0.197;20.28
325;-65.753;0.196;20.43
326;-48.878;0.195;20.27
327;-15.97;0.194;4.41
328;-87.907;0.193;16.32
329;105.192;0.192;20.48
330;-65.383;0.191;4.27
331;-72.788;0.19;20.73
332;-87.341;0.189;2.67
333;105.924;0.188;21.23
334;185.857;0.187;12.86
335;-53.39;0.187;21.79
336;-71.281;0.186;21.52
337;-55.151;0.185;21.94
338;20.772;0.184;2.31
339;-8.486;0.183;21.99
340;-48.817;0.182;22.14
341;-156.671;0.181;4.87
342;-54.357;0.18;21.61
343;73.988;0.179;21.36
344;195.886;0.178;16.36
345;117.686;0.177;21.47
346;-42.058;0.177;21.48
347;-177.783;0.176;11.54
348;-57.329;0.175;22.34
349;182.535;0.174;13.22
350;53.353;0.173;2.91
351;-41.007;0.172;21.91
352;-19.185;0.171;21.94
353;17.552;0.17;21.59
354;-67.351;0.17;21.47
355;86.174;0.169;21.68
356;-53.282;0.168;21.58
357;-44.338;0.167;21.67
358;-83.732;0.166;3.14
359;-19.393;0.165;22.12
360;-10.112;0.165;21.33
361;-13.923;0.164;21.6
362;130.107;0.163;21.14
363;-22.03;0.162;6.58
364;122.316;0.161;21.61
365;-37.405;0.16;21.26
366;-62.594;0.16;21.63
367;-68.841;0.159;21.32
368;-34.477;0.158;22.29
369;-62.672;0.157;22.46
370;74.759;0.157;21.79
371;-63.787;0.156;21.7
372;110.197;0.155;21.74
373;-70.563;0.154;21.65
374;-249.289;0.153;19.65
375;-9.732;0.153;6.55
376;81.944;0.152;21.9
377;-21.082;0.151;22.29
378;-257.89;0.15;3.37
379;-63.261;0.15;4.37
380;90.969;0.149;21.57
381;-25.975;0.148;22.09
382;-66.071;0.147;3.71
383;-46.648;0.147;2.6
384;69.431;0.146;22.19
385;17.081;0.145;2.03
386;-54.097;0.144;21.68
387;-36.291;0.144;21.79
388;141.855;0.143;21.45
389;-60.541;0.142;22.33
390;-22.326;0.142;21.72
391;103.058;0.141;21.84
392;-65.865;0.14;22.52
393;-61.742;0.139;21.66
394;-244.517;0.139;3.21
395;-31.137;0.138;22.26
396;-18.407;0.137;21.42
397;14.437;0.137;21.57
398;74.56;0.136;21.44
399;25.713;0.135;2.86
400;-36.19;0.135;21.62
401;-12.214;0.134;21.64
402;155.509;0.133;21.09
403;109.761;0.133;21.56
404;143.926;0.132;21.56
405;4.495;0.131;21.79
406;-45.203;0.131;22.08
407;-17.88;0.13;1.76
408;216.452;0.129;8.66
409;-93.758;0.129;22.16
410;-26.766;0.128;21.95
411;84.701;0.127;21.5
412;148.002;0.127;21.3
413;-32.171;0.126;22.07
414;-22.306;0.126;22.06
415;-28.637;0.125;22.72
416;196.04;0.124;21.15
417;-143.935;0.124;6.25
418;-7.423;0.123;2.32
419;-40.653;0.122;22.03
420;153.56;0.122;21.29
421;108.163;0.121;21.52
422;-4.094;0.121;2.17
423;39.413;0.12;22.43
424;-59.821;0.119;21.55
425;-30.332;0.119;21.89
426;-17.032;0.118;2.52
427;27.827;0.118;4.39
428;1.704;0.117;22.1
429;-29.854;0.116;21.41
430;104.8;0.116;21.95
431;114.322;0.115;21.68
432;165.146;0.115;21.46
433;-51.983;0.114;21.86
434;-24.468;0.114;21.6
435;228.761;0.113;13.51
436;117.575;0.112;21.44
437;-33.58;0.112;21.8
438;-46.741;0.111;22.31
439;299.294;0.111;17.71
440;24.022;0.11;22.12
441;-13.358;0.11;21.76
442;-29.62;0.109;22.46
443;72.415;0.109;21.9
444;142.651;0.108;21.7
445;127.551;0.107;21.94
446;-300.965;0.107;5.69
447;1.328;0.106;6.8
448;108.256;0.106;21.55
449;163.172;0.105;21.39
450;-61.517;0.105;6.34
451;-77.083;0.104;21.24
452;-59.91;0.104;2.84
453;-23.596;0.103;22.73
454;126.082;0.103;21.59
455;5.462;0.102;22.45
456;25.466;0.102;7.66
457;84.286;0.101;21.76
458;140.422;0.101;21.65
459;42.931;0.1;22.43
460;27.797;0.1;22.28
461;-55.856;0.099;22.26
462;78.278;0.099;22.18
463;-256.727;0.098;7.47
464;243.293;0.098;18.92
465;-26.924;0.097;22.37
466;91.778;0.097;21.5
467;-283.302;0.096;5.23
468;19.148;0.096;21.71
469;131.797;0.095;21.37
470;252.851;0.095;9.22
471;-50.537;0.094;22.18
472;-44.044;0.094;22.05
473;120.923;0.093;21.39
474;261.442;0.093;10.86
475;-48.779;0.092;3.17
476;172.866;0.092;18.24
477;-113.314;0.092;5.67
478;-72.842;0.091;4.51
479;-29.778;0.091;21.65
480;-34.403;0.09;21.75
481;248.641;0.09;10.3
482;213.023;0.089;9.47
483;-75.379;0.089;3.09
484;246.441;0.088;11.89
485;-30.996;0.088;22.7
486;132.522;0.088;21.71
487;-10.952;0.087;21.81
488;-335.118;0.087;11.48
489;-22.335;0.086;22.36
490;-132.907;0.086;8.19
491;232.927;0.085;19.51
492;174.703;0.085;21.42
493;-23.373;0.084;3.12
494;59.871;0.084;21.88
495;-3.898;0.084;21.91
496;-22.417;0.083;22.4
497;86.406;0.083;21.54
498;-54.486;0.082;21.43
499;118.97;0.082;16.08
500;57.738;0.082;21.78
501;236.273;0.081;9.47
502;137.988;0.081;21.32
503;127.021;0.08;21.7
504;-28.235;0.08;5.08
505;23.795;0.08;22.45
506;225.864;0.079;18.1
507;-3.988;0.079;22.33
508;186.614;0.078;21.39
509;-55.072;0.078;21.26
510;302.64;0.078;7.47
511;45.618;0.077;21.85
512;148.286;0.077;21.58
513;160.482;0.076;21.43
514;162.832;0.076;21.46
515;-30.629;0.076;2.07
516;126.264;0.075;21.84
517;112.03;0.075;18.41
518;111.418;0.075;21.83
519;-13.582;0.074;22.61
520;239.131;0.074;6.84
521;-39.268;0.073;21.94
522;157.696;0.073;21.57
523;-28.852;0.073;7.7
524;253.812;0.072;6.49
525;19.858;0.072;5.29
526;7.688;0.072;2.69
527;134.708;0.071;21.95
528;270.074;0.071;12.72
529;239.73;0.071;7.81
530;222.301;0.07;14.26
531;63.574;0.07;22.66
532;178.957;0.069;13.86
533;246.216;0.069;4.43
534;-141.196;0.069;8.31
535;-160.147;0.068;18.62
536;30.48;0.068;22.61
537;259.939;0.068;8.96
538;287.193;0.067;7.32
539;268.315;0.067;18.25
540;-42.857;0.067;22.22
541;138.765;0.066;21.64
542;245.754;0.066;4.38
543;201.628;0.066;21.05
544;256.251;0.065;6.17
545;-118.925;0.065;10.76
546;146.826;0.065;21.87
547;257.295;0.064;8.52
548;166.326;0.064;21.31
549;289.567;0.064;7.34
550;-34.232;0.063;21.67
551;154.358;0.063;21.36
552;204.313;0.063;19.42
553;257.28;0.063;5.55
554;245.418;0.062;6.89
555;-49.25;0.062;21.37
556;131.84;0.062;21.85
557;29.214;0.061;22.08
558;-101.083;0.061;13.2
559;-43.733;0.061;22.2
560;241.481;0.06;20.3
561;169.482;0.06;13.33
562;-12.206;0.06;21.85
563;253.189;0.059;13.66
564;267.113;0.059;5.54
565;-23.268;0.059;22.02
566;-66.89;0.059;21.55
567;149.896;0.058;21.24
568;-226.314;0.058;16.56
569;-4.892;0.058;21.64
570;-18.194;0.057;22.58
571;-33.633;0.057;22.02
572;-3.349;0.057;22.3
573;-69.59;0.057;21.48
574;131.463;0.056;17.97
575;-86.236;0.056;21.5
576;-156.622;0.056;9.78
577;221.972;0.055;14.68
578;244.077;0.055;5.27
579;27.597;0.055;22.28
580;244.092;0.055;7.27
581;36.898;0.054;21.97
582;255.064;0.054;10.67
583;-49.21;0.054;22.37
584;-36.383;0.054;22.23
585;78.124;0.053;21.77
586;265.531;0.053;12.32
587;268.806;0.053;12.66
588;105.845;0.052;21.99
589;208.51;0.052;10.33
590;155.259;0.052;16.99
591;193.086;0.052;17.05
592;269.04;0.051;5.26
593;-31.379;0.051;23.24
594;265.927;0.051;4.93
595;143.732;0.051;21.69
596;225.629;0.05;9.72
597;287.242;0.05;7.52
598;-46.707;0.05;21.71
599;-48.462;0.05;21.69
600;137.796;0.049;20.37
601;197.159;0.049;21.52
602;75.041;0.049;21.54
603;227.674;0.049;5.98
604;-37.003;0.048;21.81
605;122.466;0.048;19.22
606;-8.456;0.048;21.84
607;-64.263;0.048;22.06
608;258.262;0.047;7.57
609;226.155;0.047;14.94
610;264.131;0.047;8.62
611;258.121;0.047;6.01
612;44.602;0.047;22.36
613;-155.205;0.046;19.5
614;228.703;0.046;14.91
615;118.518;0.046;21.63
616;283.065;0.046;4.63
617;-19.785;0.045;21.69
618;-67.586;0.045;21.86
619;177.545;0.045;9.51
620;234.302;0.045;17.94
621;263.152;0.044;8.17
622;-27.955;0.044;22.27
623;277.416;0.044;6.21
624;-81.221;0.044;21.79
625;256.301;0.044;12.57
626;196.133;0.043;12.75
627;42.811;0.043;21.82
628;215.836;0.043;14.97
629;201.96;0.043;17.55
630;261.229;0.043;5.39
631;-43.681;0.042;22.51
632;290.531;0.042;6.8
633;96.589;0.042;21.37
634;248.11;0.042;20.69
635;65.128;0.041;21.95
636;20.471;0.041;3.85
637;141.978;0.041;20.88
638;272.452;0.041;5.38
639;84.959;0.041;21.53
640;156.969;0.04;21.28
641;280.857;0.04;5.24
642;-295.102;0.04;20.13
643;145.221;0.04;21.15
644;65.973;0.04;22.47
645;236.459;0.039;13.94
646;111.219;0.039;21.36
647;234.785;0.039;16.15
648;-30.945;0.039;21.57
649;97.45;0.039;21.38
650;269.432;0.038;6.13
651;66.691;0.038;21.4
652;183.108;0.038;14.47
653;267.16;0.038;18.58
654;-103.066;0.038;22.49
655;197.7;0.038;21.35
656;31.411;0.037;3.65
657;265.388;0.037;6.89
658;256.784;0.037;7.85
659;278.388;0.037;10.11
660;243.483;0.037;6.0
661;-64.609;0.036;21.73
662;272.16;0.036;5.79
663;108.827;0.036;21.56
664;295.022;0.036;7.79
665;270.293;0.036;12.27
666;45.472;0.035;22.57
667;78.044;0.035;22.27
668;243.645;0.035;5.37
669;113.178;0.035;21.86
670;-98.78;0.035;21.74
671;295.349;0.035;4.78
672;257.885;0.034;6.55
673;299.709;0.034;4.16
674;273.084;0.034;7.33
675;241.726;0.034;6.04
676;245.271;0.034;4.48
677;-73.23;0.034;21.58
678;271.145;0.033;6.43
679;264.642;0.033;5.11
680;236.345;0.033;5.52
681;88.392;0.033;21.84
682;242.77;0.033;6.24
683;56.163;0.033;21.58
684;251.23;0.032;4.94
685;-171.172;0.032;13.49
686;266.473;0.032;5.06
687;261.776;0.032;5.27
688;-69.855;0.032;21.72
689;276.75;0.032;9.03
690;250.582;0.031;13.74
691;278.49;0.031;5.15
692;-86.25;0.031;21.77
693;274.44;0.031;8.57
694;286.31;0.031;6.5
695;242.078;0.031;9.93
696;203.991;0.031;11.09
697;282.651;0.03;5.15
698;278.401;0.03;7.83
699;238.985;0.03;7.17
700;254.942;0.03;10.69
701;285.806;0.03;3.48
702;235.545;0.03;4.99
703;257.473;0.029;4.24
704;236.104;0.029;4.23
705;272.694;0.029;4.4
706;281.438;0.029;3.41
707;-153.517;0.029;4.89
708;252.572;0.029;4.46
709;-118.071;0.029;19.45
710;256.428;0.028;4.54
711;263.268;0.028;4.5
712;254.033;0.028;4.08
713;239.737;0.028;7.12
714;287.543;0.028;6.49
715;254.879;0.028;10.94
716;234.941;0.028;10.23
717;60.18;0.027;21.7
718;147.969;0.027;22.25
719;277.821;0.027;4.59
720;235.287;0.027;7.74
721;253.753;0.027;5.05
722;306.424;0.027;4.74
723;256.649;0.027;4.17
724;275.252;0.027;6.74
725;238.506;0.026;10.99
726;284.358;0.026;6.59
727;259.803;0.026;4.09
728;268.211;0.026;9.26
729;-77.493;0.026;22.02
730;233.019;0.026;16.29
731;231.951;0.026;16.62
732;276.223;0.025;4.38
733;288.087;0.025;4.28
734;242.287;0.025;20.08
735;243.076;0.025;6.1
736;210.358;0.025;8.59
737;300.599;0.025;8.29
738;263.719;0.025;7.11
739;254.452;0.025;8.32
740;260.902;0.024;4.57
741;237.951;0.024;4.75
742;251.395;0.024;9.13
743;256.295;0.024;4.6
744;249.668;0.024;17.94
745;211.274;0.024;14.36
746;278.779;0.024;7.18
747;237.067;0.024;7.78
748;257.574;0.024;4.31
749;175.826;0.023;13.77
750;242.427;0.023;5.65
751;278.9;0.023;4.44
752;288.681;0.023;4.59
753;266.693;0.023;4.1
754;255.157;0.023;6.63
755;270.232;0.023;3.79
756;289.878;0.023;4.35
757;264.421;0.022;4.26
758;35.331;0.022;2.58
759;-124.426;0.022;19.48
760;99.976;0.022;21.94
761;-29.995;0.022;3.58
762;-159.62;0.022;15.3
763;17.565;0.022;4.58
764;262.273;0.022;6.99
765;278.193;0.022;6.05
766;294.099;0.022;4.21
767;242.332;0.021;4.19
768;248.971;0.021;9.13
769;252.76;0.021;3.85
770;241.626;0.021;4.28
771;212.925;0.021;13.84
772;272.175;0.021;11.16
773;163.643;0.021;18.39
774;115.481;0.021;21.65
775;173.845;0.021;11.79
776;298.158;0.02;5.22
777;243.645;0.02;14.19
778;185.376;0.02;10.8
779;311.53;0.02;4.38
780;223.614;0.02;9.4
781;263.298;0.02;4.53
782;261.359;0.02;6.45
783;277.124;0.02;4.28
784;104.666;0.02;22.0
785;243.922;0.02;8.54
786;259.939;0.019;4.16
787;231.718;0.019;6.26
788;265.805;0.019;5.77
789;262.39;0.019;6.52
790;91.372;0.019;22.23
791;246.362;0.019;4.5
792;251.14;0.019;4.34
793;248.748;0.019;6.05
794;256.054;0.019;5.95
795;297.47;0.019;8.47
796;244.765;0.019;4.27
797;279.186;0.018;5.33
798;280.992;0.018;4.45
799;277.499;0.018;6.32
800;259.836;0.018;3.75
801;291.22;0.018;4.55
802;-128.699;0.018;14.45
803;283.306;0.018;6.52
804;287.283;0.018;3.73
805;259.248;0.018;6.99
806;248.504;0.018;8.71
807;288.27;0.018;4.96
808;246.375;0.017;4.38
809;273.807;0.017;4.37
810;234.08;0.017;8.76
811;255.602;0.017;5.01
812;280.948;0.017;7.15
813;251.517;0.017;9.78
814;265.863;0.017;5.55
815;252.886;0.017;5.29
816;134.141;0.017;22.09
817;243.842;0.017;4.77
818;242.871;0.017;14.82
819;291.67;0.016;5.85
820;238.965;0.016;12.48
821;272.64;0.016;6.31
822;239.641;0.016;8.62
823;258.096;0.016;3.99
824;265.479;0.016;5.27
825;250.026;0.016;12.25
826;261.055;0.016;4.38
827;258.162;0.016;13.63
828;145.848;0.016;21.76
829;88.016;0.016;21.83
830;245.412;0.016;9.05
831;264.114;0.016;7.1
832;258.351;0.015;7.03
833;240.962;0.015;12.88
834;266.507;0.015;3.99
835;243.162;0.015;5.24
836;277.084;0.015;5.75
837;255.034;0.015;4.55
838;246.223;0.015;4.99
839;226.419;0.015;7.73
840;269.657;0.015;3.9
841;237.574;0.015;5.14
842;-58.185;0.015;1.71
843;289.593;0.015;3.82
844;282.037;0.015;4.97
845;215.129;0.014;6.39
846;291.074;0.014;5.25
847;293.357;0.014;3.99
848;262.325;0.014;4.82
849;228.034;0.014;7.48
850;265.334;0.014;7.19
851;77.013;0.014;22.34
852;248.124;0.014;4.04
853;248.337;0.014;6.68
854;274.76;0.014;5.99
855;286.267;0.014;6.6
856;308.05;0.014;5.38
857;240.334;0.014;6.46
858;272.791;0.014;6.41
859;275.543;0.013;7.15
860;41.52;0.013;4.83
861;265.101;0.013;5.96
862;99.119;0.013;22.12
863;261.964;0.013;5.51
864;290.593;0.013;4.48
865;279.596;0.013;3.78
866;266.569;0.013;4.32
867;255.376;0.013;4.93
868;244.989;0.013;16.33
869;261.523;0.013;4.21
870;220.348;0.013;13.85
871;221.824;0.013;4.57
872;237.341;0.013;5.32
873;288.75;0.013;4.68
874;207.548;0.013;3.89
875;227.868;0.012;6.75
876;234.515;0.012;11.9
877;264.334;0.012;4.2
878;276.438;0.012;4.47
879;247.478;0.012;5.79
880;-35.203;0.012;7.41
881;284.748;0.012;4.3
882;-57.32;0.012;1.48
883;249.183;0.012;11.82
884;260.794;0.012;5.78
885;256.425;0.012;4.27
886;267.161;0.012;3.56
887;292.107;0.012;5.21
888;272.649;0.012;4.7
889;247.287;0.012;7.09
890;292.859;0.012;3.59
891;-114.404;0.011;1.38
892;231.191;0.011;12.07
893;277.526;0.011;4.29
894;283.645;0.011;3.96
895;280.922;0.011;5.39
896;297.991;0.011;5.57
897;275.212;0.011;3.38
898;278.002;0.011;4.54
899;286.791;0.011;5.47
900;265.943;0.011;4.51
901;263.059;0.011;3.68
902;233.934;0.011;3.89
903;221.637;0.011;7.01
904;243.26;0.011;6.21
905;266.516;0.011;12.51
906;268.346;0.011;3.23
907;244.663;0.011;4.37
908;61.335;0.011;2.7
909;295.296;0.01;4.45
910;249.26;0.01;4.99
911;43.559;0.01;2.99
912;304.51;0.01;4.29
913;241.681;0.01;3.29
914;297.88;0.01;7.21
915;289.911;0.01;4.64
916;261.527;0.01;12.1
917;-37.613;0.01;8.39
918;204.44;0.01;9.89
919;218.028;0.01;6.48
920;282.224;0.01;5.1
921;288.073;0.01;4.26
922;217.242;0.01;4.53
923;269.862;0.01;4.38
924;252.463;0.01;6.11
925;268.221;0.01;8.47
926;294.645;0.01;4.97
927;248.437;0.01;4.79
928;263.036;0.01;3.15
929;236.113;0.01;8.62
930;-41.364;0.01;4.21
931;246.156;0.01;3.93
932;271.426;0.01;5.57
933;283.284;0.01;4.23
934;265.061;0.01;4.15
935;266.639;0.01;3.59
936;246.562;0.01;4.25
937;295.169;0.01;5.94
938;236.114;0.01;5.32
939;270.187;0.01;5.05
940;281.693;0.01;6.81
941;282.68;0.01;6.35
942;272.084;0.01;4.3
943;245.277;0.01;8.49
944;260.49;0.01;3.4
945;186.035;0.01;14.18
946;269.237;0.01;3.5
947;265.717;0.01;4.87
948;144.683;0.01;21.93
949;310.381;0.01;4.73
950;232.984;0.01;7.45
951;297.006;0.01;4.37
952;246.849;0.01;5.82
953;277.084;0.01;6.9
954;265.749;0.01;3.34
955;256.717;0.01;5.03
956;-152.951;0.01;8.75
957;265.895;0.01;5.73
958;110.134;0.01;21.92
959;236.714;0.01;7.12
960;299.481;0.01;3.9
961;294.264;0.01;5.85
962;281.259;0.01;4.51
963;241.025;0.01;3.5
964;294.809;0.01;4.19
965;263.499;0.01;5.77
966;262.539;0.01;4.71
967;310.425;0.01;4.94
968;286.343;0.01;3.11
969;-6.008;0.01;2.47
970;285.358;0.01;4.38
971;255.515;0.01;4.32
972;282.53;0.01;5.8
973;296.233;0.01;8.69
974;219.173;0.01;4.15
975;271.174;0.01;4.01
976;131.266;0.01;22.36
977;265.135;0.01;2.97
978;286.213;0.01;4.71
979;285.555;0.01;2.88
980;287.585;0.01;3.69
981;282.642;0.01;4.76
982;265.073;0.01;3.75
983;288.901;0.01;4.29
984;299.499;0.01;5.05
985;224.954;0.01;3.97
986;247.172;0.01;3.41
987;238.373;0.01;8.55
988;281.39;0.01;4.76
989;205.902;0.01;6.19
990;273.73;0.01;4.55
991;267.687;0.01;3.45
992;-8.693;0.01;2.53
993;281.147;0.01;3.2
994;281.416;0.01;5.43
995;287.18;0.01;4.35
996;257.911;0.01;3.19
997;280.905;0.01;5.32
998;287.509;0.01;3.2
999;259.616;0.01;4.37
1000;298.578;0.01;5.25
1001;41.899;0.01;3.86
1002;169.235;0.01;9.3
1003;283.084;0.01;3.79
1004;281.824;0.01;5.2
1005;304.202;0.01;4.16
1006;265.05;0.01;3.89
1007;271.75;0.01;6.9
1008;234.458;0.01;4.69
1009;265.909;0.01;3.37
1010;283.211;0.01;3.61
1011;253.544;0.01;2.97
1012;240.945;0.01;6.91
1013;307.09;0.01;4.41
1014;280.034;0.01;3.3
1015;274.945;0.01;5.79
1016;267.02;0.01;10.67
1017;257.667;0.01;5.12
1018;-35.741;0.01;2.07
1019;296.357;0.01;7.69
1020;257.495;0.01;3.44
1021;245.727;0.01;3.56
1022;283.139;0.01;5.25
1023;288.423;0.01;3.78
1024;272.991;0.01;10.42
1025;249.016;0.01;3.13
1026;280.161;0.01;4.51
1027;283.748;0.01;2.96
1028;269.974;0.01;5.85
1029;215.444;0.01;6.15
1030;287.549;0.01;8.89
1031;247.316;0.01;4.05
1032;230.859;0.01;12.11
1033;293.739;0.01;2.84
1034;235.267;0.01;4.9
1035;260.741;0.01;3.84
1036;266.768;0.01;9.48
1037;255.661;0.01;8.57
1038;289.585;0.01;6.33
1039;264.878;0.01;4.6
1040;32.497;0.01;1.8
1041;278.028;0.01;3.49
1042;247.184;0.01;4.12
1043;224.235;0.01;3.95
1044;225.874;0.01;6.88
1045;260.475;0.01;3.09
1046;276.998;0.01;11.45
1047;253.229;0.01;5.73
1048;-103.243;0.01;2.9
1049;318.483;0.01;4.98
1050;138.159;0.01;22.03
1051;119.218;0.01;21.73
1052;298.809;0.01;4.18
1053;247.687;0.01;7.45
1054;269.08;0.01;3.83
1055;281.793;0.01;5.98
1056;259.154;0.01;3.41
1057;254.4;0.01;3.65
1058;272.75;0.01;7.95
1059;224.681;0.01;7.77
1060;267.255;0.01;3.14
1061;269.995;0.01;3.89
1062;300.935;0.01;4.89
1063;254.957;0.01;5.67
1064;226.124;0.01;8.19
1065;294.534;0.01;5.2
1066;301.317;0.01;5.28
1067;227.672;0.01;8.77
1068;271.666;0.01;5.39
1069;237.956;0.01;3.78
1070;142.107;0.01;21.8
1071;26.625;0.01;3.07
1072;229.333;0.01;4.42
1073;-13.051;0.01;1.42
1074;214.649;0.01;9.71
1075;261.794;0.01;3.32
1076;-11.91;0.01;2.08
1077;-147.77;0.01;2.83
1078;256.711;0.01;9.36
1079;35.879;0.01;1.74
1080;-181.223;0.01;3.26
1081;282.342;0.01;5.43
1082;262.605;0.01;3.12
1083;273.936;0.01;5.43
1084;203.768;0.01;8.23
1085;-101.013;0.01;7.15
1086;-41.269;0.01;2.26
1087;285.075;0.01;5.62
1088;241.817;0.01;6.52
1089;271.645;0.01;3.75
1090;-247.894;0.01;4.82
1091;226.073;0.01;18.87
1092;44.452;0.01;2.19
1093;252.981;0.01;5.21
1094;146.489;0.01;16.45
1095;276.585;0.01;5.3
1096;-11.781;0.01;1.66
1097;47.638;0.01;2.38
1098;244.266;0.01;4.51
1099;247.418;0.01;9.34
1100;247.712;0.01;3.34
1101;28.01;0.01;2.1
1102;253.568;0.01;7.05
1103;261.368;0.01;7.93
1104;-21.135;0.01;1.87
1105;256.754;0.01;3.19
1106;308.115;0.01;6.23
1107;-8.948;0.01;3.2
1108;282.526;0.01;5.85
1109;288.941;0.01;5.8
1110;257.507;0.01;3.23
1111;238.526;0.01;7.74
1112;-34.059;0.01;2.98
1113;0.737;0.01;1.7
1114;290.783;0.01;6.08
1115;264.439;0.01;13.92
1116;294.222;0.01;5.18
1117;-35.985;0.01;1.89
1118;254.272;0.01;3.23
1119;247.47;0.01;6.2
1120;160.345;0.01;10.01
1121;247.443;0.01;3.11
1122;12.231;0.01;1.64
1123;-333.505;0.01;4.31
1124;6.65;0.01;1.53
1125;-270.228;0.01;2.46
1126;280.343;0.01;6.83
1127;272.181;0.01;10.83
1128;249.642;0.01;6.79
1129;-31.254;0.01;1.36
1130;244.806;0.01;4.11
1131;54.465;0.01;2.28
1132;229.712;0.01;3.3
1133;-33.539;0.01;1.63
1134;264.767;0.01;4.97
1135;-9.617;0.01;1.73
1136;11.129;0.01;1.88
1137;245.783;0.01;3.19
1138;-5.422;0.01;1.79
1139;239.974;0.01;17.89
1140;246.423;0.01;5.9
1141;-16.475;0.01;1.75
1142;-11.292;0.01;2.04
1143;-43.947;0.01;2.85
1144;261.972;0.01;7.04
1145;266.673;0.01;7.28
1146;273.684;0.01;5.58
1147;262.197;0.01;3.92
1148;-107.066;0.01;1.09
1149;16.631;0.01;2.14
1150;-178.644;0.01;8.66
1151;264.835;0.01;4.28
1152;-108.756;0.01;1.39
1153;251.004;0.01;3.25
1154;-40.464;0.01;5.89
1155;-8.409;0.01;3.24
1156;-183.906;0.01;1.51
1157;-5.903;0.01;1.66
1158;300.166;0.01;5.26
1159;266.726;0.01;3.9
1160;274.218;0.01;5.07
1161;-112.615;0.01;1.15
1162;235.508;0.01;3.07
1163;233.814;0.01;4.34
1164;-89.405;0.01;1.66
1165;194.562;0.01;5.64
1166;256.102;0.01;5.89
1167;-41.184;0.01;2.1
1168;-117.128;0.01;1.18
1169;194.118;0.01;4.98
1170;-231.565;0.01;4.3
1171;278.466;0.01;5.37
1172;-72.314;0.01;6.07
1173;161.978;0.01;6.54
1174;267.851;0.01;10.6
1175;-41.6;0.01;3.62
1176;-85.582;0.01;1.29
1177;199.425;0.01;6.33
1178;259.939;0.01;7.74
1179;290.668;0.01;5.14
1180;-27.046;0.01;1.23
1181;-190.923;0.01;3.5
1182;230.467;0.01;6.82
1183;250.493;0.01;6.99
1184;21.358;0.01;1.41
1185;10.274;0.01;1.79
1186;-14.948;0.01;1.67
1187;252.571;0.01;8.91
1188;244.95;0.01;7.3
1189;-35.434;0.01;1.59
1190;-9.187;0.01;1.87
1191;-145.758;0.01;4.21
1192;246.462;0.01;4.72
1193;-206.596;0.01;5.78
1194;234.898;0.01;6.84
1195;297.274;0.01;5.18
1196;-96.069;0.01;2.73
1197;-16.454;0.01;3.06
1198;-9.478;0.01;2.06
1199;-26.221;0.01;1.93
1200;1.017;0.01;1.49
1201;253.666;0.01;7.03
1202;-180.401;0.01;7.21
1203;301.553;0.01;5.06
1204;253.862;0.01;7.9
1205;276.333;0.01;6.0
1206;186.087;0.01;6.12
1207;-77.244;0.01;1.46
1208;-193.899;0.01;4.39
1209;259.175;0.01;10.86
1210;-105.144;0.01;2.0
1211;299.26;0.01;5.23
1212;-78.726;0.01;1.31
1213;150.786;0.01;12.05
1214;283.058;0.01;5.05
1215;186.944;0.01;6.87
1216;276.968;0.01;6.43
1217;243.315;0.01;3.4
1218;-144.219;0.01;6.5
1219;251.628;0.01;7.67
1220;265.875;0.01;5.45
1221;235.407;0.01;3.6
1222;-43.302;0.01;7.36
1223;205.774;0.01;5.43
1224;-36.191;0.01;1.38
1225;-28.477;0.01;1.27
1226;-192.662;0.01;3.47
1227;-128.107;0.01;2.19
1228;259.555;0.01;4.08
1229;255.507;0.01;6.81
1230;243.434;0.01;5.91
1231;211.873;0.01;3.72
1232;265.36;0.01;5.13
1233;-25.67;0.01;2.03
1234;-10.096;0.01;1.67
1235;-39.483;0.01;2.11
1236;299.171;0.01;5.13
1237;289.664;0.01;4.86
1238;-155.859;0.01;1.23
1239;168.689;0.01;9.87
1240;10.181;0.01;1.72
1241;198.941;0.01;8.14
1242;218.408;0.01;6.45
1243;284.048;0.01;3.03
1244;-39.709;0.01;2.37
1245;174.24;0.01;6.71
1246;8.253;0.01;2.58
1247;239.13;0.01;3.5
1248;279.927;0.01;5.81
1249;-14.868;0.01;1.73
1250;-109.468;0.01;1.12
1251;226.681;0.01;3.71
1252;256.572;0.01;7.6
1253;244.723;0.01;5.66
1254;-103.28;0.01;4.01
1255;-101.295;0.01;5.01
1256;243.658;0.01;3.96
1257;-28.657;0.01;2.24
1258;249.625;0.01;3.29
1259;294.074;0.01;8.02
1260;-31.402;0.01;2.32
1261;291.198;0.01;3.34
1262;239.187;0.01;8.13
1263;252.937;0.01;3.36
1264;259.481;0.01;4.78
1265;206.772;0.01;10.19
1266;-43.552;0.01;2.15
1267;193.978;0.01;7.22
1268;220.218;0.01;9.82
1269;232.605;0.01;3.65
1270;262.206;0.01;3.25
1271;166.32;0.01;5.68
1272;-276.988;0.01;12.72
1273;215.755;0.01;4.39
1274;-193.736;0.01;5.3
1275;-275.032;0.01;11.47
1276;276.37;0.01;3.67
1277;160.051;0.01;21.8
1278;246.298;0.01;3.72
1279;271.065;0.01;5.76
1280;-238.732;0.01;4.95
1281;1.42;0.01;2.1
1282;242.126;0.01;3.87
1283;257.652;0.01;3.56
1284;300.408;0.01;5.65
1285;276.714;0.01;4.17
1286;261.778;0.01;5.06
1287;252.654;0.01;3.02
1288;31.126;0.01;4.12
1289;286.644;0.01;4.52
1290;244.151;0.01;3.37
1291;234.566;0.01;3.33
1292;216.566;0.01;7.87
1293;282.422;0.01;4.2
1294;48.122;0.01;2.07
1295;280.863;0.01;5.4
1296;226.846;0.01;8.69
1297;-147.883;0.01;4.95
1298;235.403;0.01;5.11
1299;225.512;0.01;3.34
1300;197.081;0.01;5.72
1301;271.545;0.01;3.77
1302;243.512;0.01;3.28
1303;-22.671;0.01;2.18
1304;286.146;0.01;3.68
1305;219.926;0.01;3.59
1306;272.58;0.01;4.99
1307;-20.742;0.01;2.3
1308;7.757;0.01;2.48
1309;185.424;0.01;6.2
1310;210.103;0.01;9.7
1311;256.358;0.01;3.35
1312;279.178;0.01;5.98
1313;280.615;0.01;4.31
1314;255.48;0.01;3.96
1315;9.646;0.01;1.77
1316;308.438;0.01;5.02
1317;-188.968;0.01;2.36
1318;81.361;0.01;21.81
1319;189.545;0.01;11.31
1320;203.09;0.01;4.97
1321;291.03;0.01;4.02
1322;274.417;0.01;4.14
1323;181.367;0.01;18.57
1324;283.136;0.01;4.62
1325;251.401;0.01;6.06
1326;291.578;0.01;5.87
1327;224.671;0.01;11.83
1328;259.617;0.01;3.35
1329;233.922;0.01;3.56
1330;251.298;0.01;3.38
1331;199.065;0.01;5.61
1332;279.483;0.01;3.76
1333;280.615;0.01;5.25
1334;206.439;0.01;6.49
1335;-1.678;0.01;2.9
1336;235.235;0.01;5.26
1337;241.256;0.01;3.42
1338;-114.703;0.01;6.43
1339;234.563;0.01;6.1
1340;239.96;0.01;5.96
1341;250.07;0.01;4.19
1342;263.432;0.01;3.78
1343;269.848;0.01;4.35
1344;250.513;0.01;3.27
1345;257.081;0.01;5.34
1346;280.811;0.01;4.24
1347;259.277;0.01;3.29
1348;265.051;0.01;3.97
1349;245.458;0.01;3.05
1350;199.04;0.01;7.88
1351;254.321;0.01;6.13
1352;236.774;0.01;6.65
1353;262.226;0.01;4.89
1354;277.077;0.01;3.49
1355;272.391;0.01;5.19
1356;258.564;0.01;3.59
1357;-164.622;0.01;6.95
1358;-30.808;0.01;2.63
1359;237.75;0.01;6.67
1360;271.633;0.01;4.66
1361;-155.647;0.01;5.26
1362;-212.77;0.01;4.28
1363;245.941;0.01;3.02
1364;246.428;0.01;3.74
1365;235.332;0.01;3.89
1366;243.858;0.01;6.69
1367;270.002;0.01;3.8
1368;237.191;0.01;3.61
1369;123.985;0.01;21.59
1370;-157.397;0.01;3.67
1371;256.098;0.01;7.15
1372;249.823;0.01;3.8
1373;276.8;0.01;3.58
1374;254.008;0.01;3.8
1375;251.207;0.01;3.51
1376;262.589;0.01;5.03
1377;268.873;0.01;4.83
1378;277.416;0.01;5.59
1379;273.113;0.01;3.86
1380;217.604;0.01;10.27
1381;277.325;0.01;4.33
1382;289.76;0.01;5.48
1383;132.75;0.01;21.58
1384;244.313;0.01;3.65
1385;167.788;0.01;6.1
1386;-295.788;0.01;9.37
1387;247.213;0.01;6.31
1388;274.368;0.01;5.77
1389;271.745;0.01;3.84
1390;284.665;0.01;3.82
1391;231.838;0.01;6.94
1392;278.049;0.01;4.27
1393;292.971;0.01;3.38
1394;2.555;0.01;2.11
1395;230.055;0.01;3.69
1396;268.04;0.01;2.83
1397;240.864;0.01;3.05
1398;-23.369;0.01;2.03
1399;270.069;0.01;3.59
1400;273.838;0.01;3.23
1401;299.278;0.01;4.79
1402;267.856;0.01;3.93
1403;258.831;0.01;3.88
1404;236.748;0.01;5.0
1405;272.194;0.01;3.04
1406;276.331;0.01;4.25
1407;283.534;0.01;4.61
1408;292.695;0.01;4.84
1409;233.157;0.01;6.41
1410;-200.235;0.01;2.51
1411;-58.137;0.01;5.57
1412;249.782;0.01;3.24
1413;280.394;0.01;3.89
1414;273.993;0.01;3.68
1415;276.848;0.01;3.81
1416;-208.905;0.01;4.12
1417;310.083;0.01;5.07
1418;-75.475;0.01;2.95
1419;265.274;0.01;3.82
1420;146.357;0.01;9.51
1421;237.52;0.01;9.32
1422;235.311;0.01;7.36
1423;305.089;0.01;4.46
1424;281.204;0.01;9.42
1425;263.505;0.01;3.31
1426;238.924;0.01;6.45
1427;298.592;0.01;4.37
1428;282.397;0.01;4.91
1429;240.856;0.01;3.53
1430;307.846;0.01;3.63
1431;-63.106;0.01;5.31
1432;200.001;0.01;3.65
1433;272.18;0.01;4.51
1434;289.294;0.01;5.8
1435;-133.642;0.01;6.93
1436;239.222;0.01;3.21
1437;288.478;0.01;5.03
1438;314.786;0.01;4.99
1439;282.897;0.01;3.96
1440;218.266;0.01;7.47
1441;225.19;0.01;5.59
1442;272.373;0.01;3.09
1443;272.54;0.01;3.81
1444;250.6;0.01;10.1
1445;294.241;0.01;5.13
1446;289.216;0.01;3.69
1447;234.88;0.01;3.78
1448;246.325;0.01;3.55
1449;264.155;0.01;10.74
1450;281.876;0.01;4.5
1451;248.79;0.01;4.47
1452;273.281;0.01;5.19
1453;215.971;0.01;4.65
1454;311.3;0.01;4.11
1455;296.371;0.01;4.81
1456;220.799;0.01;7.49
1457;286.625;0.01;4.64
1458;169.601;0.01;14.63
1459;190.881;0.01;4.45
1460;228.62;0.01;6.0
1461;271.192;0.01;4.49
1462;285.256;0.01;4.59
1463;270.531;0.01;3.96
1464;302.158;0.01;5.03
1465;294.57;0.01;5.51
1466;29.387;0.01;2.63
1467;228.7;0.01;3.57
1468;0.907;0.01;2.8
1469;252.74;0.01;7.02
1470;265.557;0.01;3.35
1471;259.866;0.01;3.58
1472;263.87;0.01;4.81
1473;288.722;0.01;3.43
1474;244.995;0.01;5.44
1475;236.012;0.01;4.04
1476;276.031;0.01;5.39
1477;293.337;0.01;3.14
1478;-49.477;0.01;2.32
1479;270.285;0.01;5.18
1480;241.242;0.01;3.59
1481;265.606;0.01;4.84
1482;304.058;0.01;5.95
1483;270.654;0.01;3.6
1484;241.69;0.01;3.95
1485;269.031;0.01;3.71
1486;20.616;0.01;4.69
1487;-66.878;0.01;3.61
1488;294.739;0.01;3.5
1489;301.753;0.01;4.3
1490;284.966;0.01;5.47
1491;212.74;0.01;4.2
1492;250.343;0.01;3.33
1493;258.1;0.01;6.06
1494;296.106;0.01;3.52
1495;232.945;0.01;14.57
1496;234.925;0.01;6.79
1497;230.757;0.01;16.1
1498;272.044;0.01;5.09
1499;278.331;0.01;4.51
1500;254.574;0.01;3.5
1501;247.476;0.01;3.8
1502;273.654;0.01;5.41
1503;279.925;0.01;4.35
1504;241.214;0.01;8.46
1505;238.642;0.01;7.23
1506;246.402;0.01;4.49
1507;266.251;0.01;3.81
1508;274.509;0.01;4.81
1509;243.234;0.01;3.25
1510;255.317;0.01;5.14
1511;254.862;0.01;5.41
1512;271.858;0.01;5.04
1513;268.77;0.01;3.39
1514;278.086;0.01;3.31
1515;289.249;0.01;4.02
1516;237.507;0.01;4.23
1517;289.534;0.01;4.73
1518;293.658;0.01;6.37
1519;20.519;0.01;3.36
1520;283.532;0.01;8.43
1521;234.143;0.01;3.95
1522;291.106;0.01;5.04
1523;297.34;0.01;3.44
1524;271.326;0.01;3.84
1525;292.216;0.01;5.74
1526;247.095;0.01;6.84
1527;243.686;0.01;3.67
1528;284.581;0.01;5.21
1529;244.267;0.01;3.62
1530;-101.113;0.01;3.75
1531;290.184;0.01;2.86
1532;282.051;0.01;5.74
1533;261.405;0.01;7.16
1534;-24.812;0.01;1.54
1535;287.961;0.01;6.7
1536;291.941;0.01;4.72
1537;292.662;0.01;6.41
1538;267.462;0.01;3.13
1539;168.097;0.01;10.47
1540;298.132;0.01;4.67
1541;278.215;0.01;5.91
1542;264.315;0.01;11.79
1543;265.225;0.01;3.98
1544;273.516;0.01;3.57
1545;241.212;0.01;5.9
1546;263.196;0.01;8.67
1547;287.202;0.01;13.04
1548;287.701;0.01;4.64
1549;294.478;0.01;4.71
1550;266.103;0.01;4.96
1551;-176.093;0.01;1.24
1552;285.241;0.01;4.62
1553;227.765;0.01;4.12
1554;289.237;0.01;5.11
1555;258.236;0.01;4.49
1556;251.444;0.01;3.39
1557;243.223;0.01;7.6
1558;277.35;0.01;5.31
1559;257.865;0.01;4.04
1560;245.34;0.01;3.66
1561;-18.311;0.01;1.41
1562;295.674;0.01;5.65
1563;271.805;0.01;2.89
1564;290.031;0.01;4.1
1565;287.101;0.01;6.64
1566;250.17;0.01;5.64
1567;274.71;0.01;5.22
1568;281.125;0.01;5.08
1569;268.346;0.01;5.07
1570;235.278;0.01;4.46
1571;288.807;0.01;5.89
1572;283.655;0.01;5.66
1573;255.473;0.01;3.79
1574;243.51;0.01;3.74
1575;293.734;0.01;4.53
1576;265.549;0.01;5.89
1577;247.449;0.01;11.31
1578;250.416;0.01;5.04
1579;255.461;0.01;3.92
1580;230.63;0.01;5.65
1581;233.573;0.01;3.95
1582;-149.485;0.01;1.09
1583;260.34;0.01;3.64
1584;279.583;0.01;6.01
1585;279.618;0.01;5.01
1586;274.082;0.01;4.59
1587;242.201;0.01;4.2
1588;49.928;0.01;1.52
1589;265.398;0.01;4.27
1590;-180.991;0.01;1.31
1591;274.659;0.01;3.53
1592;245.603;0.01;3.55
1593;262.145;0.01;4.6
1594;294.436;0.01;3.91
1595;270.012;0.01;4.53
1596;251.158;0.01;5.22
1597;275.62;0.01;3.73
1598;294.167;0.01;5.64
1599;240.182;0.01;4.18
1600;261.467;0.01;4.26
1601;295.194;0.01;4.94
1602;254.392;0.01;4.71
1603;223.963;0.01;4.21
1604;266.653;0.01;3.56
1605;292.047;0.01;5.0
1606;289.955;0.01;5.55
1607;-387.385;0.01;1.71
1608;246.953;0.01;7.13
1609;278.647;0.01;3.4
1610;-198.966;0.01;1.27
1611;276.931;0.01;6.01
1612;255.296;0.01;7.5
1613;266.74;0.01;4.4
1614;270.959;0.01;3.67
1615;255.63;0.01;3.87
1616;275.581;0.01;3.18
1617;275.785;0.01;4.52
1618;240.027;0.01;3.54
1619;295.172;0.01;3.46
1620;285.755;0.01;5.54
1621;247.75;0.01;8.46
1622;244.711;0.01;5.74
1623;262.871;0.01;2.98
1624;279.788;0.01;4.93
1625;241.812;0.01;4.9
1626;273.684;0.01;3.2
1627;0.018;0.01;1.64
1628;247.996;0.01;4.11
1629;257.997;0.01;3.36
1630;230.911;0.01;4.45
1631;232.663;0.01;10.86
1632;246.914;0.01;4.02
1633;259.024;0.01;3.15
1634;241.013;0.01;4.14
1635;206.689;0.01;13.06
1636;255.036;0.01;3.24
1637;243.464;0.01;5.18
1638;265.79;0.01;5.28
1639;255.709;0.01;5.22
1640;-210.319;0.01;1.46
1641;212.267;0.01;8.49
1642;41.435;0.01;1.74
1643;-236.689;0.01;1.32
1644;278.293;0.01;3.52
1645;281.299;0.01;5.03
1646;245.371;0.01;4.58
1647;274.658;0.01;4.87
1648;-222.078;0.01;1.27
1649;292.785;0.01;4.53
1650;247.089;0.01;3.53
1651;219.787;0.01;10.66
1652;298.258;0.01;3.55
1653;285.616;0.01;2.97
1654;244.415;0.01;3.61
1655;265.634;0.01;3.62
1656;239.393;0.01;3.24
1657;264.683;0.01;3.37
1658;255.978;0.01;11.67
1659;240.958;0.01;3.73
1660;261.877;0.01;5.17
1661;-197.116;0.01;1.78
1662;273.728;0.01;4.54
1663;264.109;0.01;3.55
1664;264.228;0.01;8.14
1665;277.863;0.01;3.92
1666;-12.23;0.01;1.55
1667;279.421;0.01;5.15
1668;302.162;0.01;3.2
1669;243.518;0.01;3.55
1670;-220.328;0.01;1.7
1671;288.207;0.01;5.58
1672;280.275;0.01;4.33
1673;-128.084;0.01;1.44
1674;262.841;0.01;3.4
1675;265.819;0.01;4.95
1676;275.033;0.01;3.84
1677;276.031;0.01;4.25
1678;-170.786;0.01;1.04
1679;272.779;0.01;3.74
1680;265.698;0.01;8.2
1681;253.2;0.01;7.62
1682;239.448;0.01;3.39
1683;258.838;0.01;3.55
1684;277.892;0.01;4.61
1685;237.443;0.01;3.26
1686;255.983;0.01;2.89
1687;276.645;0.01;4.41
1688;270.196;0.01;4.65
1689;278.01;0.01;3.98
1690;253.535;0.01;3.82
1691;274.576;0.01;3.51
1692;268.853;0.01;3.85
1693;303.298;0.01;4.24
1694;265.502;0.01;7.07
1695;-47.492;0.01;1.26
1696;267.325;0.01;2.96
1697;243.151;0.01;4.38
1698;255.07;0.01;5.26
1699;248.371;0.01;3.76
1700;226.251;0.01;3.65
1701;293.569;0.01;6.14
1702;262.835;0.01;3.42
1703;296.414;0.01;5.68
1704;249.698;0.01;4.71
1705;272.548;0.01;4.17
1706;278.807;0.01;4.29
1707;178.056;0.01;7.93
1708;239.504;0.01;3.54
1709;-45.22;0.01;1.39
1710;-108.59;0.01;1.46
1711;253.671;0.01;4.29
1712;-195.579;0.01;1.45
1713;267.729;0.01;3.75
1714;285.277;0.01;3.96
1715;259.519;0.01;5.5
1716;253.774;0.01;3.87
1717;251.69;0.01;3.24
1718;266.503;0.01;3.88
1719;282.528;0.01;4.11
1720;280.619;0.01;5.41
1721;275.55;0.01;3.19
1722;248.691;0.01;3.52
1723;-19.024;0.01;2.19
1724;269.363;0.01;3.15
1725;266.934;0.01;3.57
1726;262.442;0.01;4.34
1727;-187.581;0.01;1.78
1728;242.017;0.01;3.34
1729;235.861;0.01;5.06
1730;-53.937;0.01;1.49
1731;259.689;0.01;3.41
1732;263.839;0.01;4.28
1733;239.614;0.01;3.2
1734;-38.612;0.01;1.8
1735;257.264;0.01;3.51
1736;-33.993;0.01;1.39
1737;284.918;0.01;5.99
1738;307.271;0.01;5.76
1739;2.624;0.01;1.58
1740;36.248;0.01;1.78
1741;273.779;0.01;5.44
1742;-86.696;0.01;1.67
1743;-65.013;0.01;1.57
1744;261.49;0.01;4.38
1745;267.993;0.01;4.51
1746;274.844;0.01;4.86
1747;266.503;0.01;4.01
1748;232.288;0.01;5.24
1749;287.941;0.01;4.95
1750;-31.522;0.01;1.48
1751;306.103;0.01;4.42
1752;305.33;0.01;4.82
1753;288.551;0.01;8.79
1754;247.249;0.01;3.51
1755;242.325;0.01;4.84
1756;312.07;0.01;4.15
1757;295.677;0.01;6.33
1758;282.441;0.01;3.4
1759;257.847;0.01;3.63
1760;247.722;0.01;3.36
1761;241.896;0.01;4.34
1762;258.178;0.01;6.67
1763;282.993;0.01;3.57
1764;273.56;0.01;4.56
1765;293.711;0.01;5.45
1766;261.403;0.01;4.63
1767;217.13;0.01;19.43
1768;273.578;0.01;4.83
1769;252.115;0.01;3.03
1770;286.765;0.01;3.27
1771;244.198;0.01;3.82
1772;301.229;0.01;5.64
1773;288.294;0.01;2.93
1774;280.18;0.01;7.33
1775;271.63;0.01;3.39
1776;236.954;0.01;3.44
1777;248.43;0.01;3.73
1778;282.522;0.01;4.62
1779;262.872;0.01;3.17
1780;242.969;0.01;3.44
1781;288.808;0.01;3.65
1782;253.219;0.01;3.68
1783;271.506;0.01;5.19
1784;256.809;0.01;3.55
1785;274.644;0.01;3.39
1786;-23.984;0.01;1.73
1787;291.489;0.01;4.6
1788;271.326;0.01;5.1
1789;248.306;0.01;3.28
1790;303.896;0.01;4.35
1791;246.05;0.01;4.32
1792;306.098;0.01;5.11
1793;274.082;0.01;3.46
1794;230.959;0.01;7.13
1795;242.366;0.01;5.27
1796;301.515;0.01;4.46
1797;231.236;0.01;3.24
1798;258.102;0.01;3.46
1799;276.007;0.01;3.16
1800;254.739;0.01;3.45
1801;228.227;0.01;3.66
1802;257.984;0.01;14.66
1803;250.415;0.01;3.47
1804;287.991;0.01;3.98
1805;293.424;0.01;3.88
1806;280.621;0.01;4.41
1807;-118.034;0.01;3.33
1808;247.967;0.01;5.18
1809;267.238;0.01;4.04
1810;253.278;0.01;3.72
1811;11.29;0.01;2.23
1812;241.691;0.01;3.96
1813;279.096;0.01;3.69
1814;25.251;0.01;2.25
1815;306.65;0.01;5.41
1816;299.918;0.01;5.6
1817;249.684;0.01;7.54
1818;117.481;0.01;21.07
1819;262.114;0.01;6.28
1820;-128.562;0.01;1.37
1821;277.737;0.01;4.89
1822;234.122;0.01;7.14
1823;251.731;0.01;4.44
1824;261.02;0.01;6.55
1825;240.199;0.01;5.08
1826;248.191;0.01;4.11
1827;5.446;0.01;2.99
1828;255.1;0.01;3.74
1829;272.709;0.01;12.8
1830;276.111;0.01;4.62
1831;225.451;0.01;17.65
1832;252.474;0.01;4.88
1833;274.892;0.01;6.29
1834;283.103;0.01;3.46
1835;284.4;0.01;7.2
1836;282.917;0.01;4.74
1837;280.224;0.01;6.44
1838;291.296;0.01;4.66
1839;280.957;0.01;6.45
1840;252.532;0.01;3.9
1841;267.63;0.01;4.54
1842;275.92;0.01;3.18
1843;240.517;0.01;3.6
1844;279.937;0.01;3.99
1845;272.662;0.01;3.65
1846;256.64;0.01;4.27
1847;265.923;0.01;6.78
1848;284.314;0.01;4.3
1849;225.869;0.01;9.51
1850;275.711;0.01;4.94
1851;255.612;0.01;4.52
1852;222.387;0.01;6.12
1853;263.477;0.01;6.24
1854;261.651;0.01;5.61
1855;282.032;0.01;3.35
1856;295.285;0.01;4.91
1857;280.954;0.01;3.92
1858;273.401;0.01;3.05
1859;235.55;0.01;9.13
1860;282.143;0.01;3.23
1861;264.089;0.01;7.84
1862;235.453;0.01;5.09
1863;255.267;0.01;4.65
1864;278.369;0.01;5.11
1865;-49.759;0.01;2.8
1866;246.502;0.01;3.64
1867;252.649;0.01;4.32
1868;250.215;0.01;3.46
1869;214.675;0.01;4.39
1870;270.565;0.01;3.56
1871;239.903;0.01;3.72
1872;251.472;0.01;3.34
1873;265.641;0.01;6.02
1874;271.686;0.01;3.82
1875;246.664;0.01;3.61
1876;294.868;0.01;4.71
1877;250.854;0.01;3.8
1878;271.029;0.01;3.91
1879;0.974;0.01;3.63
1880;240.862;0.01;6.41
1881;183.635;0.01;12.89
1882;269.308;0.01;4.95
1883;-43.993;0.01;3.32
1884;239.217;0.01;3.9
1885;289.15;0.01;4.68
1886;-77.945;0.01;1.32
1887;4.862;0.01;2.83
1888;-23.497;0.01;1.84
1889;234.625;0.01;4.39
1890;252.193;0.01;3.36
1891;209.94;0.01;9.96
1892;294.732;0.01;5.01
1893;-25.069;0.01;2.13
1894;-100.978;0.01;1.14
1895;264.65;0.01;10.09
1896;291.297;0.01;5.8
1897;-108.756;0.01;7.76
1898;265.776;0.01;8.23
1899;268.66;0.01;5.75
1900;257.135;0.01;4.14
1901;274.25;0.01;9.03
1902;278.232;0.01;4.22
1903;278.734;0.01;4.92
1904;279.788;0.01;3.66
1905;251.197;0.01;7.12
1906;221.144;0.01;13.36
1907;-129.847;0.01;7.98
1908;277.681;0.01;5.82
1909;240.856;0.01;3.96
1910;40.162;0.01;4.31
1911;248.404;0.01;3.92
1912;256.696;0.01;4.35
1913;214.986;0.01;11.37
1914;255.036;0.01;3.39
1915;295.449;0.01;6.08
1916;256.632;0.01;4.47
1917;302.602;0.01;4.56
1918;293.302;0.01;4.75
1919;227.688;0.01;5.18
1920;241.797;0.01;3.07
1921;269.219;0.01;4.56
1922;273.831;0.01;3.34
1923;249.795;0.01;3.34
1924;223.967;0.01;5.04
1925;257.128;0.01;4.17
1926;-436.782;0.01;5.01
1927;283.039;0.01;5.22
1928;27.365;0.01;4.2
1929;279.942;0.01;5.72
1930;264.517;0.01;5.26
1931;252.672;0.01;7.78
1932;228.416;0.01;4.75
1933;300.504;0.01;4.58
1934;6.002;0.01;1.94
1935;300.706;0.01;5.83
1936;292.631;0.01;4.66
1937;251.436;0.01;7.69
1938;241.501;0.01;3.89
1939;278.785;0.01;7.79
1940;286.127;0.01;4.89
1941;259.806;0.01;8.72
1942;-249.367;0.01;5.25
1943;233.634;0.01;5.35
1944;297.163;0.01;9.57
1945;263.943;0.01;3.94
1946;142.098;0.01;9.9
1947;247.31;0.01;8.39
1948;266.404;0.01;6.39
1949;280.879;0.01;4.01
1950;233.846;0.01;5.41
1951;237.629;0.01;9.27
1952;259.461;0.01;10.33
1953;262.059;0.01;4.7
1954;284.202;0.01;4.34
1955;25.294;0.01;3.82
1956;249.087;0.01;6.32
1957;215.926;0.01;5.45
1958;262.087;0.01;6.61
1959;-29.49;0.01;2.47
1960;295.775;0.01;5.77
1961;284.218;0.01;6.83
1962;274.113;0.01;5.51
1963;309.608;0.01;5.26
1964;253.402;0.01;3.12
1965;249.296;0.01;4.54
1966;-18.791;0.01;2.19
1967;257.426;0.01;5.68
1968;263.393;0.01;4.47
1969;248.197;0.01;3.21
1970;219.975;0.01;11.01
1971;199.158;0.01;5.52
1972;262.255;0.01;3.55
1973;252.822;0.01;3.46
1974;283.698;0.01;4.72
1975;231.141;0.01;7.4
1976;282.146;0.01;5.56
1977;259.29;0.01;5.45
1978;-127.631;0.01;6.61
1979;278.899;0.01;9.97
1980;300.433;0.01;5.2
1981;-92.881;0.01;5.51
1982;218.666;0.01;5.62
1983;281.575;0.01;2.82
1984;48.651;0.01;21.81
1985;291.498;0.01;6.91
1986;272.76;0.01;7.41
1987;-182.404;0.01;14.36
1988;277.94;0.01;3.52
1989;254.975;0.01;9.84
1990;260.067;0.01;8.36
1991;289.692;0.01;4.25
1992;246.553;0.01;5.38
1993;258.961;0.01;3.75
1994;259.223;0.01;4.89
1995;213.554;0.01;8.51
1996;267.232;0.01;10.68
1997;-24.653;0.01;3.83
1998;238.947;0.01;11.36
1999;279.66;0.01;5.5
2000;273.252;0.01;3.03
2001;265.387;0.01;8.31
2002;275.399;0.01;4.21
2003;269.884;0.01;10.64
2004;278.575;0.01;3.31
2005;305.971;0.01;4.94
2006;274.197;0.01;4.31
2007;-84.734;0.01;1.48
2008;231.677;0.01;5.69
2009;253.823;0.01;7.98
2010;273.92;0.01;3.77
2011;260.792;0.01;3.65
2012;284.088;0.01;6.89
2013;229.237;0.01;11.21
2014;304.248;0.01;6.31
2015;194.334;0.01;17.21
2016;287.694;0.01;5.27
2017;256.429;0.01;3.59
2018;197.393;0.01;8.95
2019;268.312;0.01;3.29
2020;-18.155;0.01;1.73
2021;247.866;0.01;6.23
2022;-108.173;0.01;2.47
2023;234.41;0.01;5.73
2024;273.009;0.01;7.16
2025;304.671;0.01;10.65
2026;213.745;0.01;5.09
2027;267.633;0.01;5.23
2028;225.756;0.01;8.85
2029;174.194;0.01;10.0
2030;227.309;0.01;7.69
2031;269.6;0.01;4.7
2032;245.328;0.01;8.07
2033;296.564;0.01;5.33
2034;279.914;0.01;5.41
2035;258.861;0.01;5.44
2036;284.276;0.01;5.14
2037;265.581;0.01;5.06
2038;239.862;0.01;5.66
2039;241.47;0.01;4.4
2040;275.301;0.01;4.34
2041;229.622;0.01;6.86
2042;254.53;0.01;3.71
2043;243.682;0.01;3.81
2044;-199.267;0.01;3.19
2045;228.754;0.01;7.07
2046;241.405;0.01;3.85
2047;-43.764;0.01;4.06
2048;273.323;0.01;4.73
2049;197.355;0.01;7.86
2050;243.934;0.01;8.17
2051;270.12;0.01;3.67
2052;238.15;0.01;3.44
2053;250.993;0.01;5.9
2054;-24.053;0.01;3.27
2055;223.818;0.01;6.5
2056;268.478;0.01;5.17
2057;239.839;0.01;5.68
2058;302.746;0.01;6.06
2059;153.963;0.01;20.63
2060;245.589;0.01;5.36
2061;245.019;0.01;4.38
2062;254.834;0.01;7.62
2063;251.827;0.01;5.85
2064;13.987;0.01;2.79
2065;-122.411;0.01;3.03
2066;253.194;0.01;6.41
2067;-186.408;0.01;11.42
2068;-42.961;0.01;3.14
2069;269.551;0.01;4.14
2070;226.043;0.01;4.71
2071;296.727;0.01;4.26
2072;266.321;0.01;6.88
2073;271.683;0.01;6.37
2074;269.832;0.01;3.55
2075;1.272;0.01;2.74
2076;282.214;0.01;5.52
2077;271.72;0.01;4.48
2078;-60.577;0.01;2.19
2079;264.693;0.01;6.85
2080;231.192;0.01;3.99
2081;212.787;0.01;10.54
2082;230.089;0.01;4.22
2083;256.777;0.01;3.67
2084;-109.88;0.01;4.12
2085;273.744;0.01;6.09
2086;228.18;0.01;9.5
2087;202.132;0.01;10.19
2088;-99.778;0.01;4.12
2089;244.278;0.01;4.54
2090;276.575;0.01;4.21
2091;250.598;0.01;10.7
2092;251.987;0.01;4.79
2093;234.061;0.01;5.4
2094;275.644;0.01;7.18
2095;240.104;0.01;9.11
2096;271.38;0.01;3.8
2097;275.517;0.01;3.77
2098;275.639;0.01;3.61
2099;259.643;0.01;4.76
2100;-64.002;0.01;2.18
2101;245.215;0.01;6.62
2102;292.909;0.01;4.93
2103;292.353;0.01;4.84
2104;259.076;0.01;8.37
2105;204.793;0.01;4.83
2106;0.072;0.01;3.91
2107;262.845;0.01;5.82
2108;275.181;0.01;4.77
2109;271.11;0.01;7.77
2110;295.929;0.01;5.92
2111;241.194;0.01;4.41
2112;266.377;0.01;8.44
2113;257.707;0.01;3.7
2114;-49.061;0.01;2.11
2115;249.205;0.01;4.15
2116;253.778;0.01;7.99
2117;30.639;0.01;2.98
2118;256.747;0.01;3.25
2119;200.757;0.01;10.6
2120;243.776;0.01;6.12
2121;149.16;0.01;17.4
2122;294.775;0.01;6.06
2123;280.614;0.01;3.21
2124;9.384;0.01;1.77
2125;235.056;0.01;5.64
2126;-84.113;0.01;3.97
2127;284.561;0.01;4.56
2128;268.176;0.01;5.79
2129;218.465;0.01;16.68
2130;-9.932;0.01;1.34
2131;222.934;0.01;4.43
2132;281.862;0.01;5.76
2133;280.933;0.01;5.91
2134;28.765;0.01;4.82
2135;288.664;0.01;3.17
2136;224.618;0.01;6.77
2137;9.107;0.01;3.66
2138;284.881;0.01;6.47
2139;99.221;0.01;21.54
2140;-6.049;0.01;3.97
2141;6.255;0.01;3.95
2142;231.362;0.01;5.37
2143;198.42;0.01;14.83
2144;236.346;0.01;7.79
2145;274.666;0.01;3.55
2146;59.63;0.01;22.08
2147;285.863;0.01;7.99
2148;245.388;0.01;3.76
2149;262.854;0.01;3.5
2150;256.043;0.01;9.87
2151;248.486;0.01;4.41
2152;284.511;0.01;4.88
2153;241.798;0.01;9.18
2154;157.24;0.01;22.22
2155;-112.094;0.01;3.17
2156;239.28;0.01;5.6
2157;-218.497;0.01;6.1
2158;264.233;0.01;3.61
2159;281.091;0.01;3.43
2160;277.27;0.01;2.94
2161;237.69;0.01;5.37
2162;-221.583;0.01;15.61
2163;295.313;0.01;4.17
2164;280.344;0.01;5.36
2165;267.429;0.01;3.48
2166;-143.119;0.01;7.95
2167;239.341;0.01;8.56
2168;233.212;0.01;5.34
2169;-12.019;0.01;2.0
2170;277.527;0.01;3.5
2171;242.975;0.01;16.64
2172;-151.299;0.01;3.37
2173;-79.881;0.01;3.64
2174;-92.807;0.01;5.66
2175;-13.531;0.01;4.01
2176;-9.653;0.01;2.62
2177;211.021;0.01;7.18
2178;261.327;0.01;5.52
2179;294.478;0.01;5.28
2180;265.206;0.01;3.33
2181;-154.434;0.01;6.59
2182;244.324;0.01;13.0
2183;-24.427;0.01;1.8
2184;234.697;0.01;10.49
2185;228.489;0.01;7.25
2186;259.031;0.01;3.83
2187;64.1;0.01;3.4
2188;249.692;0.01;6.27
2189;236.225;0.01;4.85
2190;282.785;0.01;8.06
2191;227.355;0.01;15.41
2192;280.73;0.01;3.66
2193;264.884;0.01;5.1
2194;266.777;0.01;5.21
2195;-10.63;0.01;1.53
2196;-102.029;0.01;6.72
2197;-165.358;0.01;2.59
2198;246.665;0.01;3.68
2199;299.101;0.01;4.22
2200;-58.453;0.01;2.25
2201;254.823;0.01;7.03
2202;274.624;0.01;4.1
2203;25.664;0.01;2.1
2204;272.356;0.01;6.37
2205;-141.661;0.01;6.47
2206;202.103;0.01;6.68
2207;249.262;0.01;5.53
2208;255.009;0.01;4.77
2209;253.946;0.01;5.51
2210;264.293;0.01;4.36
2211;279.531;0.01;3.22
2212;-99.335;0.01;2.58
2213;-60.387;0.01;2.15
2214;287.894;0.01;5.75
2215;-26.575;0.01;12.91
2216;-47.831;0.01;2.19
2217;-114.292;0.01;2.44
2218;281.174;0.01;5.79
2219;186.341;0.01;10.07
2220;-176.876;0.01;7.36
2221;271.923;0.01;3.29
2222;284.43;0.01;3.04
2223;32.149;0.01;3.89
2224;296.514;0.01;4.36
2225;239.85;0.01;4.32
2226;253.454;0.01;3.51
2227;110.996;0.01;21.88
2228;-237.444;0.01;17.89
2229;261.114;0.01;4.51
2230;-43.211;0.01;2.03
2231;235.707;0.01;4.41
2232;210.54;0.01;5.07
2233;223.409;0.01;7.45
2234;-25.336;0.01;1.92
2235;264.253;0.01;5.86
2236;286.049;0.01;5.45
2237;278.634;0.01;3.23
2238;261.556;0.01;5.11
2239;281.11;0.01;2.96
2240;237.791;0.01;5.4
2241;257.738;0.01;3.32
2242;235.04;0.01;4.93
2243;197.834;0.01;12.56
2244;287.126;0.01;3.66
2245;263.956;0.01;3.76
2246;265.113;0.01;4.29
2247;300.351;0.01;4.38
2248;245.27;0.01;8.99
2249;240.737;0.01;6.11
2250;235.425;0.01;4.74
2251;238.046;0.01;4.2
2252;248.642;0.01;5.05
2253;-283.829;0.01;3.16
2254;241.507;0.01;3.6
2255;140.065;0.01;21.89
2256;285.086;0.01;6.46
2257;174.302;0.01;13.0
2258;-157.852;0.01;2.4
2259;229.053;0.01;9.85
2260;254.774;0.01;2.8
2261;263.071;0.01;6.21
2262;292.437;0.01;4.51
2263;-47.689;0.01;2.66
2264;221.507;0.01;4.67
2265;229.188;0.01;10.58
2266;224.114;0.01;11.26
2267;-83.213;0.01;4.73
2268;-32.724;0.01;2.62
2269;273.768;0.01;2.99
2270;231.442;0.01;6.46
2271;294.822;0.01;5.44
2272;247.491;0.01;16.65
2273;-59.935;0.01;3.78
2274;271.131;0.01;3.67
2275;262.006;0.01;5.05
2276;246.552;0.01;5.05
2277;179.502;0.01;6.19
2278;255.296;0.01;3.4
2279;278.014;0.01;3.66
2280;264.005;0.01;5.37
2281;11.431;0.01;3.07
2282;252.581;0.01;8.93
2283;-9.42;0.01;1.99
2284;245.299;0.01;4.48
2285;191.334;0.01;7.56
2286;211.928;0.01;4.51
2287;267.3;0.01;4.63
2288;-176.902;0.01;2.79
2289;281.21;0.01;5.04
2290;282.868;0.01;4.73
2291;278.079;0.01;4.64
2292;318.926;0.01;3.83
2293;244.189;0.01;3.68
2294;304.747;0.01;4.82
2295;-43.847;0.01;2.85
2296;284.736;0.01;3.0
2297;267.795;0.01;7.77
2298;275.549;0.01;3.12
2299;-4.99;0.01;2.36
2300;302.728;0.01;4.33
2301;254.139;0.01;4.04
2302;278.227;0.01;4.1
2303;259.428;0.01;6.67
2304;297.338;0.01;5.25
2305;278.297;0.01;5.66
2306;261.737;0.01;4.14
2307;284.419;0.01;3.78
2308;276.466;0.01;2.87
2309;272.923;0.01;5.07
2310;-150.959;0.01;2.22
2311;277.477;0.01;5.22
2312;276.105;0.01;4.98
2313;247.687;0.01;3.06
2314;292.363;0.01;4.73
2315;-184.676;0.01;2.3
2316;280.672;0.01;4.16
2317;265.658;0.01;5.03
2318;267.869;0.01;4.88
2319;256.537;0.01;3.97
2320;284.542;0.01;5.2
2321;258.098;0.01;3.12
2322;277.055;0.01;3.14
2323;257.969;0.01;3.61
2324;250.725;0.01;4.7
2325;-185.026;0.01;2.27
2326;281.982;0.01;4.99
2327;229.158;0.01;4.85
2328;262.559;0.01;3.58
2329;253.989;0.01;5.28
2330;249.734;0.01;3.56
2331;266.729;0.01;5.29
2332;259.896;0.01;3.28
2333;283.969;0.01;4.81
2334;269.783;0.01;14.95
2335;276.186;0.01;3.16
2336;255.208;0.01;4.5
2337;271.913;0.01;4.41
2338;-294.647;0.01;5.93
2339;276.412;0.01;3.36
2340;-181.316;0.01;2.71
2341;285.301;0.01;3.2
2342;10.334;0.01;2.23
2343;245.469;0.01;9.9
2344;283.182;0.01;3.27
2345;282.828;0.01;4.34
2346;246.788;0.01;10.33
2347;283.474;0.01;5.56
2348;246.263;0.01;7.75
2349;305.755;0.01;4.52
2350;282.903;0.01;4.73
2351;-114.643;0.01;2.09
2352;260.349;0.01;3.37
2353;279.441;0.01;4.45
2354;273.274;0.01;4.59
2355;285.059;0.01;4.5
2356;263.576;0.01;8.3
2357;267.747;0.01;3.79
2358;255.813;0.01;5.88
2359;263.046;0.01;3.48
2360;273.481;0.01;3.52
2361;286.064;0.01;3.04
2362;247.376;0.01;11.77
2363;262.422;0.01;3.52
2364;247.898;0.01;3.24
2365;-241.489;0.01;4.47
2366;296.913;0.01;4.45
2367;-6.513;0.01;2.26
2368;-158.615;0.01;2.42
2369;255.244;0.01;9.73
2370;256.855;0.01;3.46
2371;297.623;0.01;5.21
2372;259.198;0.01;3.62
2373;262.729;0.01;3.97
2374;271.245;0.01;13.51
2375;-153.958;0.01;2.14
2376;255.192;0.01;6.55
2377;266.868;0.01;5.05
2378;289.078;0.01;11.98
2379;253.983;0.01;3.42
2380;-216.773;0.01;1.97
2381;273.263;0.01;3.85
2382;283.297;0.01;5.24
2383;262.008;0.01;3.78
2384;294.221;0.01;4.23
2385;230.345;0.01;8.6
2386;267.54;0.01;9.25
2387;-95.33;0.01;3.2
2388;268.261;0.01;5.01
2389;267.394;0.01;3.63
2390;283.505;0.01;4.51
2391;-222.358;0.01;2.31
2392;294.758;0.01;4.27
2393;282.27;0.01;4.52
2394;247.133;0.01;3.77
2395;301.555;0.01;5.48
2396;-172.904;0.01;2.75
2397;279.302;0.01;5.43
2398;300.79;0.01;6.12
2399;258.025;0.01;4.13
2400;289.366;0.01;4.6
2401;-193.287;0.01;2.86
2402;260.439;0.01;4.27
2403;278.778;0.01;6.16
2404;262.432;0.01;7.14
2405;239.093;0.01;3.69
2406;-130.561;0.01;9.32
2407;274.587;0.01;5.24
2408;256.282;0.01;3.87
2409;-123.23;0.01;2.67
2410;267.04;0.01;3.84
2411;275.492;0.01;4.76
2412;242.838;0.01;3.54
2413;308.355;0.01;4.17
2414;235.017;0.01;10.08
2415;291.357;0.01;6.32
2416;265.963;0.01;4.24
2417;268.389;0.01;4.74
2418;253.271;0.01;6.52
2419;246.865;0.01;3.85
2420;275.419;0.01;5.91
2421;-227.136;0.01;5.35
2422;-232.258;0.01;2.4
2423;298.76;0.01;4.43
2424;226.721;0.01;4.24
2425;282.941;0.01;6.35
2426;230.553;0.01;7.85
2427;233.271;0.01;7.68
2428;282.895;0.01;4.31
2429;263.182;0.01;5.31
2430;279.993;0.01;5.13
2431;192.69;0.01;10.15
2432;284.559;0.01;5.33
2433;312.031;0.01;4.52
2434;249.794;0.01;4.05
2435;271.044;0.01;9.01
2436;8.537;0.01;3.17
2437;-183.534;0.01;3.91
2438;281.217;0.01;4.63
2439;281.331;0.01;4.98
2440;252.417;0.01;4.21
2441;262.366;0.01;6.02
2442;264.658;0.01;4.83
2443;286.222;0.01;8.25
2444;271.762;0.01;4.6
2445;263.325;0.01;4.0
2446;9.627;0.01;2.73
2447;235.807;0.01;5.1
2448;289.01;0.01;3.2
2449;257.283;0.01;3.77
2450;19.251;0.01;3.06
2451;281.23;0.01;4.64
2452;-174.785;0.01;2.99
2453;293.157;0.01;6.86
2454;260.714;0.01;4.78
2455;290.952;0.01;4.75
2456;266.48;0.01;4.21
2457;276.191;0.01;6.7
2458;290.018;0.01;4.85
2459;219.38;0.01;7.04
2460;291.833;0.01;5.29
2461;255.531;0.01;4.43
2462;-171.504;0.01;3.22
2463;272.892;0.01;8.22
2464;294.47;0.01;5.27
2465;266.498;0.01;5.22
2466;273.709;0.01;5.28
2467;307.153;0.01;4.72
2468;269.486;0.01;3.62
2469;288.57;0.01;3.7
2470;277.687;0.01;3.82
2471;268.449;0.01;4.45
2472;226.421;0.01;6.01
2473;273.331;0.01;4.08
2474;273.167;0.01;4.45
2475;287.672;0.01;7.01
2476;284.252;0.01;5.31
2477;298.071;0.01;5.41
2478;296.71;0.01;4.87
2479;285.583;0.01;4.41
2480;253.076;0.01;3.46
2481;250.458;0.01;3.42
2482;237.044;0.01;8.69
2483;287.655;0.01;4.88
2484;-197.43;0.01;2.29
2485;277.44;0.01;4.84
2486;282.969;0.01;5.14
2487;251.276;0.01;3.2
2488;270.748;0.01;5.57
2489;269.299;0.01;3.6
2490;274.723;0.01;4.0
2491;271.259;0.01;3.31
2492;305.859;0.01;4.81
2493;277.6;0.01;5.08
2494;212.094;0.01;8.11
2495;285.022;0.01;4.89
2496;265.646;0.01;3.56
2497;247.33;0.01;17.78
2498;261.721;0.01;3.79
2499;274.634;0.01;3.25
2500;303.637;0.01;5.49
2501;198.928;0.01;7.18
2502;297.673;0.01;5.75
2503;286.322;0.01;12.08
2504;290.35;0.01;5.31
2505;229.912;0.01;7.62
2506;293.399;0.01;3.47
2507;303.695;0.01;5.45
2508;283.729;0.01;4.3
2509;267.756;0.01;6.21
2510;275.496;0.01;4.35
2511;265.279;0.01;4.3
2512;266.468;0.01;10.21
2513;286.54;0.01;7.15
2514;263.281;0.01;3.64
2515;265.322;0.01;4.52
2516;256.298;0.01;3.68
2517;276.584;0.01;3.91
2518;-97.902;0.01;5.64
2519;257.424;0.01;3.56
2520;260.534;0.01;3.65
2521;-217.083;0.01;5.21
2522;304.074;0.01;6.06
2523;276.293;0.01;4.35
2524;272.015;0.01;3.95
2525;278.22;0.01;5.72
2526;261.823;0.01;4.37
2527;165.556;0.01;9.71
2528;293.568;0.01;4.68
2529;259.761;0.01;3.7
2530;-7.551;0.01;2.41
2531;224.372;0.01;15.09
2532;299.689;0.01;5.67
2533;292.912;0.01;4.58
2534;286.763;0.01;4.31
2535;-117.094;0.01;3.64
2536;303.673;0.01;3.97
2537;-166.565;0.01;2.12
2538;257.094;0.01;8.29
2539;282.55;0.01;4.48
2540;268.353;0.01;3.87
2541;227.998;0.01;6.87
2542;-185.716;0.01;4.29
2543;-180.006;0.01;4.59
2544;299.46;0.01;5.0
2545;286.671;0.01;4.73
2546;273.377;0.01;3.31
2547;282.528;0.01;4.9
2548;304.468;0.01;6.24
2549;254.469;0.01;3.76
2550;294.291;0.01;4.23
2551;271.8;0.01;8.57
2552;287.495;0.01;4.53
2553;259.439;0.01;3.6
2554;20.509;0.01;1.97
2555;253.305;0.01;4.0
2556;254.98;0.01;3.9
2557;262.409;0.01;7.83
2558;277.673;0.01;3.76
2559;282.865;0.01;4.27
2560;242.132;0.01;4.22
2561;296.961;0.01;6.35
2562;264.443;0.01;4.27
2563;262.741;0.01;3.72
2564;279.07;0.01;4.04
2565;283.885;0.01;3.93
2566;274.139;0.01;4.98
2567;261.943;0.01;3.87
2568;260.772;0.01;3.46
2569;266.806;0.01;4.22
2570;288.634;0.01;4.55
2571;297.279;0.01;4.15
2572;284.601;0.01;3.4
2573;280.159;0.01;4.16
2574;280.558;0.01;4.07
2575;252.915;0.01;3.41
2576;253.619;0.01;5.81
2577;306.43;0.01;5.55
2578;294.051;0.01;5.01
2579;256.91;0.01;3.56
2580;269.421;0.01;5.49
2581;260.903;0.01;3.2
2582;-175.842;0.01;2.14
2583;281.807;0.01;3.85
2584;287.071;0.01;4.55
2585;297.28;0.01;6.21
2586;150.746;0.01;21.96
2587;276.935;0.01;4.4
2588;288.705;0.01;4.45
2589;278.068;0.01;3.71
2590;289.468;0.01;4.38
2591;263.892;0.01;5.27
2592;0.569;0.01;2.91
2593;2.617;0.01;2.23
2594;231.02;0.01;6.05
2595;274.336;0.01;3.4
2596;301.047;0.01;4.24
2597;253.359;0.01;4.3
2598;296.498;0.01;4.93
2599;249.673;0.01;3.64
2600;-10.933;0.01;2.03
2601;271.176;0.01;4.29
2602;277.931;0.01;4.69
2603;288.365;0.01;5.47
2604;288.119;0.01;4.22
2605;287.019;0.01;4.55
2606;289.555;0.01;4.54
2607;278.635;0.01;4.15
2608;-10.386;0.01;5.47
2609;299.433;0.01;4.35
2610;270.442;0.01;5.07
2611;276.971;0.01;4.43
2612;252.646;0.01;4.18
2613;287.183;0.01;4.36
2614;248.618;0.01;3.8
2615;260.25;0.01;4.47
2616;304.956;0.01;3.56
2617;8.769;0.01;2.55
2618;271.957;0.01;5.26
2619;283.708;0.01;6.67
2620;251.663;0.01;3.15
2621;-547.576;0.01;2.12
2622;256.435;0.01;6.77
2623;281.998;0.01;4.94
2624;29.941;0.01;2.43
2625;261.696;0.01;7.37
2626;256.672;0.01;3.86
2627;286.18;0.01;5.19
2628;267.415;0.01;4.21
2629;250.328;0.01;3.23
2630;277.263;0.01;4.44
2631;14.504;0.01;2.42
2632;309.593;0.01;5.09
2633;-22.525;0.01;2.41
2634;275.357;0.01;7.06
2635;292.202;0.01;4.69
2636;320.511;0.01;6.14
2637;14.493;0.01;3.09
2638;235.706;0.01;3.23
2639;283.077;0.01;4.79
2640;280.697;0.01;4.56
2641;-230.89;0.01;2.89
2642;26.431;0.01;2.5
2643;259.176;0.01;4.95
2644;278.872;0.01;4.1
2645;273.585;0.01;4.76
2646;287.91;0.01;3.13
2647;264.095;0.01;4.06
2648;48.762;0.01;2.73
2649;58.614;0.01;2.82
2650;189.069;0.01;17.35
2651;267.935;0.01;3.99
2652;261.087;0.01;3.7
2653;273.532;0.01;3.53
2654;249.041;0.01;3.69
2655;251.257;0.01;3.47
2656;256.806;0.01;3.96
2657;266.846;0.01;4.08
2658;240.642;0.01;9.13
2659;267.457;0.01;5.29
2660;257.128;0.01;6.58
2661;-45.476;0.01;3.23
2662;270.715;0.01;5.03
2663;278.395;0.01;4.61
2664;277.685;0.01;4.01
2665;18.329;0.01;5.3
2666;285.054;0.01;3.9
2667;256.644;0.01;3.38
2668;294.078;0.01;4.0
2669;262.809;0.01;3.37
2670;-142.704;0.01;1.71
2671;281.937;0.01;4.02
2672;-327.512;0.01;2.0
2673;281.789;0.01;6.57
2674;268.739;0.01;4.73
2675;-157.399;0.01;2.7
2676;-139.322;0.01;2.84
2677;305.349;0.01;3.65
2678;275.393;0.01;4.69
2679;-248.367;0.01;2.51
2680;274.368;0.01;4.23
2681;271.23;0.01;4.04
2682;300.896;0.01;4.04
2683;255.465;0.01;3.37
2684;9.361;0.01;3.61
2685;286.042;0.01;4.15
2686;-58.181;0.01;2.86
2687;318.572;0.01;4.61
2688;244.17;0.01;7.82
2689;297.616;0.01;5.88
2690;295.975;0.01;4.3
2691;300.55;0.01;4.34
2692;265.706;0.01;3.31
2693;289.551;0.01;6.61
2694;299.778;0.01;6.12
2695;283.258;0.01;3.0
2696;231.792;0.01;11.72
2697;261.624;0.01;8.18
2698;278.113;0.01;4.85
2699;271.117;0.01;4.98
2700;282.763;0.01;4.15
2701;288.758;0.01;3.53
2702;292.339;0.01;4.84
2703;301.809;0.01;6.25
2704;258.184;0.01;7.48
2705;265.029;0.01;4.2
2706;302.124;0.01;4.46
2707;293.583;0.01;3.01
2708;275.385;0.01;10.89
2709;255.969;0.01;3.57
2710;274.03;0.01;3.3
2711;258.486;0.01;4.44
2712;274.761;0.01;4.33
2713;281.907;0.01;7.44
2714;271.482;0.01;3.81
2715;266.269;0.01;3.88
2716;276.18;0.01;5.54
2717;256.008;0.01;3.55
2718;271.022;0.01;3.67
2719;285.765;0.01;6.56
2720;289.181;0.01;4.26
2721;312.18;0.01;4.46
2722;290.061;0.01;3.48
2723;262.653;0.01;5.12
2724;272.199;0.01;5.83
2725;298.793;0.01;4.92
2726;298.926;0.01;4.22
2727;274.549;0.01;3.7
2728;253.155;0.01;7.12
2729;253.391;0.01;4.08
2730;279.061;0.01;4.21
2731;251.67;0.01;4.49
2732;282.784;0.01;4.12
2733;308.239;0.01;4.81
2734;271.501;0.01;5.87
2735;290.65;0.01;3.81
2736;284.851;0.01;4.06
2737;294.565;0.01;4.75
2738;256.719;0.01;5.7
2739;276.804;0.01;4.03
2740;307.9;0.01;4.46
2741;271.656;0.01;8.82
2742;305.443;0.01;4.65
2743;283.218;0.01;4.59
2744;331.555;0.01;4.05
2745;295.803;0.01;4.33
2746;274.654;0.01;4.51
2747;283.418;0.01;5.85
2748;289.988;0.01;4.02
2749;261.226;0.01;5.05
2750;243.388;0.01;4.77
2751;275.148;0.01;5.62
2752;289.992;0.01;7.59
2753;282.796;0.01;4.76
2754;287.873;0.01;4.98
2755;273.991;0.01;5.06
2756;297.903;0.01;4.74
2757;279.478;0.01;8.77
2758;254.659;0.01;3.43
2759;287.031;0.01;3.14
2760;245.386;0.01;4.59
2761;281.122;0.01;3.53
2762;278.217;0.01;4.35
2763;255.815;0.01;3.98
2764;280.093;0.01;3.82
2765;282.539;0.01;4.62
2766;295.093;0.01;4.26
2767;275.379;0.01;5.71
2768;304.156;0.01;4.67
2769;267.271;0.01;6.44
2770;267.318;0.01;4.59
2771;272.346;0.01;6.05
2772;264.267;0.01;4.6
2773;281.975;0.01;4.66
2774;263.856;0.01;3.23
2775;270.289;0.01;3.35
2776;304.062;0.01;5.36
2777;283.106;0.01;3.77
2778;283.193;0.01;4.91
2779;283.222;0.01;4.16
2780;279.292;0.01;3.89
2781;273.897;0.01;4.68
2782;302.857;0.01;5.51
2783;253.474;0.01;4.71
2784;308.824;0.01;5.63
2785;265.452;0.01;14.15
2786;300.708;0.01;4.26
2787;265.35;0.01;4.92
2788;278.12;0.01;5.26
2789;269.876;0.01;3.84
2790;291.311;0.01;4.81
2791;241.954;0.01;3.82
2792;273.81;0.01;4.34
2793;283.457;0.01;4.88
2794;277.191;0.01;4.33
2795;297.361;0.01;4.81
2796;263.851;0.01;4.29
2797;300.153;0.01;5.66
2798;276.228;0.01;4.07
2799;296.79;0.01;5.91
2800;308.805;0.01;4.45
2801;285.149;0.01;3.67
2802;271.12;0.01;4.77
2803;254.149;0.01;3.36
2804;282.983;0.01;4.36
2805;252.051;0.01;4.61
2806;262.725;0.01;3.38
2807;285.854;0.01;8.14
2808;279.741;0.01;4.75
2809;268.384;0.01;4.09
2810;296.111;0.01;4.63
2811;311.649;0.01;5.14
2812;273.016;0.01;4.57
2813;288.005;0.01;14.76
2814;279.95;0.01;4.01
2815;304.336;0.01;5.13
2816;295.586;0.01;3.17
2817;297.918;0.01;3.71
2818;291.583;0.01;4.76
2819;287.724;0.01;4.82
2820;266.633;0.01;5.13
2821;281.951;0.01;5.63
2822;288.065;0.01;4.87
2823;252.343;0.01;3.26
2824;290.027;0.01;5.49
2825;306.867;0.01;4.17
2826;304.983;0.01;4.19
2827;291.254;0.01;4.41
2828;259.692;0.01;4.04
2829;286.312;0.01;3.74
2830;249.881;0.01;3.4
2831;286.382;0.01;4.6
2832;287.789;0.01;4.15
2833;305.04;0.01;4.85
2834;295.452;0.01;4.56
2835;256.281;0.01;3.43
2836;281.874;0.01;5.23
2837;288.282;0.01;3.88
2838;282.256;0.01;4.11
2839;289.033;0.01;3.2
2840;288.173;0.01;3.61
2841;293.362;0.01;5.01
2842;252.676;0.01;3.64
2843;251.476;0.01;4.13
2844;257.863;0.01;3.24
2845;249.352;0.01;3.76
2846;284.974;0.01;5.05
2847;252.917;0.01;4.6
2848;256.444;0.01;4.24
2849;270.169;0.01;7.41
2850;283.107;0.01;4.06
2851;280.947;0.01;4.34
2852;270.228;0.01;5.78
2853;267.114;0.01;3.54
2854;277.713;0.01;5.14
2855;285.933;0.01;3.72
2856;266.2;0.01;3.67
2857;291.708;0.01;4.44
2858;297.206;0.01;4.1
2859;300.244;0.01;4.6
2860;304.871;0.01;4.88
2861;271.97;0.01;4.23
2862;277.879;0.01;4.19
2863;265.821;0.01;4.77
2864;295.974;0.01;4.81
2865;238.568;0.01;3.98
2866;160.676;0.01;21.58
2867;264.066;0.01;5.19
2868;254.372;0.01;3.62
2869;278.37;0.01;4.63
2870;270.378;0.01;5.88
2871;292.572;0.01;4.61
2872;258.689;0.01;4.42
2873;268.089;0.01;4.27
2874;274.122;0.01;4.19
2875;308.392;0.01;5.71
2876;256.766;0.01;3.69
2877;291.909;0.01;4.93
2878;283.589;0.01;5.24
2879;266.352;0.01;4.11
2880;265.656;0.01;4.3
2881;258.198;0.01;4.13
2882;271.114;0.01;4.81
2883;266.471;0.01;5.18
2884;276.247;0.01;4.04
2885;35.402;0.01;1.78
2886;265.792;0.01;3.13
2887;257.851;0.01;4.16
2888;270.308;0.01;4.02
2889;298.714;0.01;4.87
2890;253.674;0.01;4.07
2891;251.018;0.01;7.5
2892;284.743;0.01;5.11
2893;298.418;0.01;5.02
2894;262.005;0.01;4.22
2895;283.07;0.01;5.48
2896;173.959;0.01;9.33
2897;260.837;0.01;6.13
2898;253.226;0.01;3.65
2899;297.929;0.01;4.49
2900;298.155;0.01;4.12
2901;257.498;0.01;3.53
2902;270.929;0.01;5.75
2903;266.683;0.01;3.91
2904;281.247;0.01;4.48
2905;294.28;0.01;4.48
2906;277.987;0.01;4.97
2907;283.336;0.01;3.36
2908;249.421;0.01;4.07
2909;271.27;0.01;8.14
2910;278.063;0.01;4.57
2911;295.085;0.01;4.45
2912;265.387;0.01;4.67
2913;275.914;0.01;4.46
2914;309.535;0.01;4.98
2915;271.447;0.01;4.38
2916;290.864;0.01;3.64
2917;189.72;0.01;8.58
2918;271.741;0.01;7.95
2919;-175.677;0.01;1.53
2920;257.245;0.01;3.83
2921;314.698;0.01;3.94
2922;260.968;0.01;3.12
2923;259.645;0.01;6.51
2924;264.364;0.01;4.07
2925;283.797;0.01;5.45
2926;288.12;0.01;5.3
2927;256.931;0.01;3.43
2928;255.579;0.01;4.0
2929;277.957;0.01;3.64
2930;303.257;0.01;5.8
2931;283.832;0.01;4.98
2932;261.242;0.01;4.18
2933;260.974;0.01;5.45
2934;276.923;0.01;3.59
2935;250.753;0.01;5.3
2936;263.57;0.01;3.89
2937;295.857;0.01;4.6
2938;299.537;0.01;8.07
2939;258.795;0.01;4.77
2940;271.836;0.01;4.15
2941;280.212;0.01;3.81
2942;-165.171;0.01;1.32
2943;264.518;0.01;4.53
2944;294.398;0.01;10.45
2945;309.542;0.01;4.74
2946;258.483;0.01;6.52
2947;286.985;0.01;5.36
2948;285.377;0.01;4.07
2949;257.082;0.01;6.12
2950;270.89;0.01;4.06
2951;263.484;0.01;4.78
2952;304.135;0.01;3.95
2953;285.948;0.01;4.17
2954;281.441;0.01;3.77
2955;272.186;0.01;6.85
2956;263.897;0.01;3.78
2957;269.025;0.01;6.06
2958;263.846;0.01;3.76
2959;275.471;0.01;4.88
2960;243.616;0.01;5.28
2961;284.614;0.01;4.19
2962;246.577;0.01;3.88
2963;240.593;0.01;4.29
2964;121.806;0.01;21.73
2965;274.899;0.01;7.78
2966;146.722;0.01;9.17
2967;291.055;0.01;4.25
2968;259.264;0.01;7.14
2969;250.686;0.01;5.46
2970;287.699;0.01;4.39
2971;256.387;0.01;5.19
2972;255.45;0.01;3.86
2973;209.291;0.01;8.89
2974;268.516;0.01;8.65
2975;250.152;0.01;8.95
2976;281.085;0.01;6.23
2977;255.413;0.01;5.53
2978;4.489;0.01;21.56
2979;279.294;0.01;5.01
2980;278.656;0.01;6.05
2981;271.315;0.01;4.47
2982;258.653;0.01;3.76
2983;308.379;0.01;5.6
2984;304.541;0.01;3.52
2985;259.207;0.01;4.96
2986;286.826;0.01;4.15
2987;253.73;0.01;4.13
2988;-31.844;0.01;2.13
2989;277.377;0.01;10.45
2990;267.578;0.01;5.18
2991;233.659;0.01;6.3
2992;278.789;0.01;3.71
2993;259.599;0.01;4.06
2994;267.851;0.01;6.21
2995;266.244;0.01;3.51
2996;271.213;0.01;4.18
2997;276.675;0.01;3.63
2998;302.507;0.01;4.57
2999;285.217;0.01;5.55
3000;285.828;0.01;4.34
